166.0,6.0
1174.0,47.0
131.0,9.0
172.0,0.0
131.0,2.0
89.0,2.0
62.0,3.0
1453.0,60.0
45.0,7.0
-200.0,3.0
1818.0,60.0
16.0,0.0
34.0,5.0
98.0,2.0
1136.0,57.0
129.0,5.0
112.0,8.0
95.0,5.0
104.0,5.0
146.0,3.0
207.0,0.0
184.0,3.0
193.0,7.0
243.0,8.0
281.0,3.0
383.0,7.0
351.0,6.0
240.0,1.0
94.0,2.0
1565.0,60.0
122.0,3.0
133.0,7.0
82.0,1.0
-200.0,0.0
1893.0,65.0
30.0,3.0
56.0,8.0
109.0,4.0
307.0,3.0
767.0,56.0
187.0,2.0
216.0,3.0
143.0,0.0
160.0,1.0
163.0,3.0
190.0,8.0
178.0,9.0
150.0,9.0
206.0,1.0
202.0,4.0
340.0,9.0
274.0,1.0
253.0,0.0
300.0,7.0
193.0,5.0
139.0,1.0
83.0,8.0
-200.0,8.0
1132.0,71.0
1420.0,63.0
53.0,2.0
139.0,3.0
256.0,5.0
295.0,6.0
250.0,4.0
296.0,6.0
239.0,4.0
153.0,4.0
1088.0,34.0
1049.0,33.0
138.0,6.0
148.0,7.0
227.0,1.0
277.0,8.0
279.0,7.0
283.0,3.0
214.0,6.0
172.0,7.0
190.0,9.0
174.0,6.0
128.0,5.0
-200.0,6.0
1130.0,61.0
53.0,5.0
1395.0,62.0
74.0,4.0
101.0,6.0
118.0,4.0
144.0,5.0
176.0,9.0
161.0,3.0
1084.0,31.0
103.0,4.0
112.0,9.0
974.0,28.0
180.0,3.0
160.0,7.0
261.0,4.0
325.0,6.0
217.0,7.0
146.0,3.0
152.0,7.0
104.0,8.0
106.0,0.0
108.0,4.0
-200.0,6.0
1150.0,65.0
1156.0,67.0
138.0,4.0
228.0,3.0
360.0,4.0
478.0,8.0
394.0,4.0
319.0,8.0
201.0,0.0
171.0,3.0
159.0,9.0
153.0,4.0
143.0,4.0
156.0,8.0
314.0,5.0
542.0,42.0
320.0,3.0
256.0,7.0
193.0,7.0
89.0,3.0
127.0,1.0
79.0,8.0
43.0,8.0
-200.0,6.0
1316.0,66.0
38.0,8.0
82.0,2.0
99.0,0.0
263.0,7.0
229.0,6.0
396.0,8.0
314.0,4.0
217.0,4.0
724.0,26.0
263.0,8.0
180.0,0.0
184.0,2.0
190.0,0.0
184.0,9.0
181.0,3.0
166.0,4.0
317.0,0.0
184.0,9.0
130.0,7.0
132.0,5.0
95.0,5.0
70.0,1.0
-200.0,1.0
1396.0,57.0
28.0,8.0
46.0,9.0
160.0,9.0
320.0,1.0
377.0,1.0
280.0,7.0
221.0,1.0
210.0,3.0
204.0,6.0
161.0,9.0
1013.0,18.0
186.0,3.0
147.0,5.0
793.0,16.0
411.0,1.0
347.0,5.0
336.0,1.0
202.0,2.0
178.0,0.0
154.0,8.0
92.0,3.0
1057.0,52.0
-200.0,9.0
1260.0,61.0
37.0,0.0
68.0,9.0
139.0,6.0
339.0,5.0
421.0,3.0
349.0,8.0
224.0,8.0
171.0,8.0
149.0,2.0
137.0,2.0
149.0,0.0
172.0,1.0
166.0,8.0
214.0,0.0
280.0,7.0
276.0,6.0
178.0,0.0
129.0,5.0
95.0,1.0
918.0,69.0
103.0,9.0
48.0,5.0
-200.0,5.0
1440.0,67.0
18.0,5.0
56.0,3.0
115.0,4.0
320.0,0.0
357.0,6.0
701.0,57.0
218.0,5.0
192.0,5.0
793.0,47.0
198.0,3.0
212.0,4.0
708.0,50.0
270.0,0.0
231.0,8.0
251.0,5.0
210.0,4.0
748.0,53.0
143.0,7.0
127.0,2.0
104.0,8.0
86.0,9.0
74.0,9.0
-200.0,8.0
1308.0,54.0
42.0,6.0
63.0,6.0
115.0,5.0
170.0,8.0
147.0,6.0
166.0,0.0
195.0,4.0
182.0,3.0
168.0,1.0
125.0,0.0
95.0,5.0
79.0,5.0
119.0,1.0
142.0,5.0
215.0,4.0
229.0,1.0
206.0,4.0
147.0,2.0
122.0,9.0
175.0,7.0
133.0,1.0
89.0,6.0
-200.0,2.0
1029.0,57.0
55.0,9.0
24.0,5.0
72.0,2.0
122.0,5.0
111.0,3.0
123.0,3.0
106.0,9.0
103.0,4.0
102.0,8.0
48.0,4.0
63.0,2.0
98.0,3.0
132.0,4.0
173.0,5.0
185.0,8.0
266.0,9.0
188.0,4.0
122.0,0.0
112.0,4.0
93.0,1.0
74.0,8.0
23.0,3.0
-200.0,9.0
1756.0,55.0
15.0,5.0
41.0,4.0
86.0,7.0
226.0,8.0
214.0,4.0
115.0,9.0
124.0,5.0
122.0,0.0
955.0,28.0
133.0,3.0
130.0,3.0
150.0,3.0
138.0,2.0
213.0,0.0
232.0,6.0
238.0,3.0
180.0,5.0
920.0,52.0
65.0,5.0
53.0,8.0
47.0,0.0
51.0,0.0
-200.0,0.0
1701.0,76.0
13.0,8.0
33.0,6.0
103.0,8.0
851.0,74.0
244.0,2.0
237.0,0.0
792.0,55.0
207.0,1.0
208.0,8.0
160.0,0.0
131.0,1.0
944.0,61.0
818.0,54.0
107.0,7.0
131.0,7.0
166.0,5.0
89.0,6.0
81.0,0.0
78.0,0.0
70.0,1.0
76.0,8.0
43.0,3.0
-200.0,6.0
1477.0,62.0
34.0,9.0
43.0,8.0
79.0,4.0
174.0,0.0
235.0,2.0
218.0,1.0
136.0,1.0
117.0,6.0
119.0,9.0
126.0,6.0
1015.0,63.0
197.0,6.0
195.0,7.0
156.0,7.0
247.0,7.0
190.0,8.0
169.0,3.0
118.0,1.0
81.0,4.0
80.0,3.0
1400.0,58.0
38.0,1.0
-200.0,5.0
18.0,3.0
12.0,9.0
43.0,6.0
84.0,1.0
184.0,7.0
202.0,6.0
133.0,7.0
130.0,0.0
106.0,6.0
958.0,48.0
106.0,2.0
125.0,0.0
138.0,7.0
968.0,37.0
158.0,9.0
253.0,4.0
231.0,6.0
150.0,2.0
99.0,6.0
75.0,9.0
93.0,6.0
79.0,7.0
67.0,4.0
-200.0,2.0
45.0,0.0
72.0,7.0
103.0,0.0
132.0,5.0
239.0,8.0
275.0,2.0
232.0,8.0
180.0,8.0
948.0,27.0
116.0,1.0
103.0,3.0
89.0,2.0
112.0,4.0
127.0,2.0
125.0,1.0
120.0,4.0
120.0,0.0
99.0,8.0
79.0,7.0
66.0,9.0
94.0,4.0
1290.0,57.0
75.0,1.0
-200.0,9.0
1209.0,64.0
32.0,2.0
54.0,3.0
68.0,2.0
98.0,2.0
128.0,1.0
129.0,5.0
130.0,8.0
111.0,6.0
106.0,1.0
137.0,7.0
113.0,8.0
122.0,7.0
137.0,1.0
165.0,8.0
827.0,40.0
174.0,6.0
140.0,5.0
102.0,8.0
130.0,9.0
121.0,9.0
111.0,3.0
87.0,3.0
-200.0,2.0
77.0,3.0
39.0,6.0
77.0,7.0
91.0,4.0
105.0,7.0
133.0,5.0
128.0,8.0
126.0,2.0
92.0,3.0
66.0,2.0
1285.0,25.0
70.0,0.0
73.0,2.0
77.0,0.0
86.0,6.0
93.0,1.0
105.0,4.0
67.0,3.0
63.0,9.0
63.0,5.0
46.0,6.0
21.0,7.0
22.0,4.0
-200.0,1.0
39.0,3.0
55.0,1.0
76.0,9.0
181.0,1.0
259.0,9.0
118.0,8.0
119.0,9.0
123.0,6.0
92.0,5.0
91.0,5.0
103.0,9.0
102.0,2.0
94.0,0.0
98.0,0.0
126.0,1.0
108.0,5.0
95.0,2.0
78.0,1.0
61.0,5.0
1339.0,31.0
1418.0,26.0
41.0,6.0
46.0,5.0
-200.0,7.0
1462.0,37.0
52.0,9.0
111.0,3.0
191.0,9.0
642.0,35.0
283.0,3.0
320.0,9.0
249.0,3.0
219.0,8.0
200.0,4.0
138.0,9.0
118.0,1.0
99.0,1.0
112.0,3.0
117.0,8.0
129.0,9.0
132.0,9.0
73.0,0.0
68.0,1.0
80.0,9.0
68.0,8.0
1287.0,40.0
47.0,8.0
-200.0,2.0
15.0,5.0
44.0,6.0
1220.0,38.0
207.0,8.0
230.0,2.0
181.0,4.0
144.0,5.0
140.0,2.0
204.0,3.0
149.0,3.0
171.0,6.0
195.0,9.0
152.0,7.0
128.0,2.0
121.0,5.0
142.0,3.0
131.0,2.0
81.0,6.0
60.0,3.0
57.0,0.0
96.0,0.0
85.0,5.0
50.0,7.0
-200.0,0.0
57.0,2.0
64.0,0.0
153.0,6.0
342.0,5.0
378.0,9.0
304.0,2.0
192.0,2.0
130.0,7.0
106.0,6.0
102.0,8.0
99.0,-200.0
108.0,-200.0
131.0,-200.0
163.0,6.0
211.0,8.0
267.0,8.0
269.0,3.0
154.0,8.0
844.0,48.0
898.0,52.0
921.0,54.0
84.0,3.0
1180.0,60.0
-200.0,8.0
1195.0,65.0
56.0,3.0
91.0,4.0
159.0,9.0
190.0,6.0
634.0,65.0
196.0,9.0
180.0,4.0
167.0,9.0
765.0,31.0
152.0,7.0
149.0,1.0
143.0,6.0
185.0,9.0
223.0,3.0
215.0,2.0
271.0,4.0
771.0,43.0
115.0,8.0
149.0,8.0
98.0,1.0
73.0,2.0
69.0,1.0
-200.0,1.0
60.0,5.0
56.0,7.0
73.0,9.0
846.0,61.0
704.0,55.0
211.0,0.0
785.0,43.0
781.0,41.0
781.0,35.0
866.0,30.0
915.0,27.0
882.0,27.0
834.0,26.0
812.0,27.0
764.0,28.0
625.0,36.0
736.0,47.0
873.0,50.0
762.0,51.0
847.0,53.0
884.0,56.0
929.0,59.0
980.0,62.0
965.0,65.0
1090.0,65.0
1171.0,66.0
1020.0,69.0
1110.0,64.0
1063.0,59.0
868.0,49.0
846.0,40.0
906.0,37.0
895.0,33.0
969.0,32.0
1057.0,31.0
863.0,30.0
841.0,36.0
845.0,36.0
838.0,39.0
755.0,44.0
830.0,48.0
989.0,56.0
909.0,58.0
930.0,60.0
1007.0,64.0
1239.0,63.0
1233.0,61.0
1456.0,56.0
1536.0,54.0
1175.0,63.0
945.0,65.0
767.0,62.0
570.0,58.0
647.0,56.0
236.0,6.0
713.0,55.0
206.0,0.0
188.0,0.0
158.0,5.0
124.0,6.0
832.0,38.0
160.0,3.0
194.0,7.0
174.0,8.0
157.0,9.0
852.0,50.0
85.0,4.0
90.0,0.0
1065.0,55.0
36.0,9.0
25.0,0.0
-200.0,5.0
24.0,1.0
73.0,6.0
164.0,4.0
329.0,3.0
302.0,2.0
256.0,4.0
182.0,6.0
105.0,2.0
136.0,9.0
167.0,4.0
166.0,3.0
115.0,6.0
109.0,8.0
143.0,5.0
728.0,44.0
181.0,3.0
178.0,6.0
91.0,7.0
76.0,8.0
66.0,7.0
56.0,7.0
35.0,6.0
21.0,6.0
-200.0,1.0
12.0,7.0
22.0,3.0
55.0,2.0
152.0,3.0
153.0,0.0
152.0,6.0
112.0,1.0
119.0,6.0
122.0,4.0
115.0,1.0
84.0,4.0
146.0,9.0
65.0,4.0
120.0,0.0
185.0,7.0
157.0,3.0
174.0,0.0
62.0,8.0
81.0,3.0
118.0,6.0
95.0,3.0
84.0,0.0
56.0,2.0
-200.0,6.0
1366.0,75.0
69.0,1.0
74.0,1.0
161.0,1.0
308.0,9.0
300.0,0.0
189.0,5.0
164.0,3.0
122.0,5.0
166.0,4.0
181.0,6.0
127.0,6.0
106.0,0.0
192.0,5.0
241.0,3.0
326.0,0.0
232.0,8.0
92.0,3.0
95.0,1.0
-200.0,-200.0
154.0,-200.0
118.0,-200.0
-200.0,-200.0
-200.0,-200.0
-200.0,-200.0
145.0,-200.0
169.0,-200.0
250.0,-200.0
215.0,-200.0
237.0,-200.0
190.0,-200.0
219.0,-200.0
294.0,-200.0
253.0,-200.0
176.0,-200.0
243.0,-200.0
214.0,-200.0
141.0,-200.0
166.0,-200.0
197.0,-200.0
-200.0,-200.0
159.0,-200.0
175.0,-200.0
157.0,0.0
83.0,0.0
118.0,5.0
101.0,4.0
1142.0,69.0
46.0,8.0
1121.0,73.0
112.0,8.0
150.0,0.0
837.0,64.0
869.0,53.0
124.0,6.0
115.0,0.0
101.0,6.0
90.0,9.0
90.0,8.0
89.0,4.0
92.0,1.0
103.0,1.0
949.0,31.0
159.0,1.0
172.0,8.0
916.0,50.0
187.0,3.0
174.0,8.0
75.0,2.0
48.0,0.0
1160.0,64.0
1162.0,66.0
1224.0,70.0
38.0,7.0
41.0,4.0
51.0,2.0
61.0,7.0
1177.0,47.0
87.0,4.0
107.0,2.0
161.0,7.0
61.0,3.0
26.0,2.0
42.0,0.0
1348.0,23.0
65.0,6.0
75.0,9.0
1079.0,35.0
63.0,6.0
60.0,5.0
63.0,5.0
66.0,2.0
41.0,7.0
42.0,1.0
36.0,6.0
-200.0,4.0
16.0,9.0
16.0,5.0
33.0,9.0
39.0,5.0
45.0,3.0
63.0,4.0
1210.0,59.0
104.0,7.0
85.0,1.0
53.0,2.0
58.0,7.0
89.0,4.0
96.0,9.0
88.0,3.0
100.0,0.0
127.0,6.0
88.0,6.0
66.0,6.0
61.0,3.0
54.0,4.0
46.0,7.0
25.0,5.0
18.0,5.0
-200.0,6.0
21.0,1.0
76.0,1.0
149.0,0.0
328.0,0.0
282.0,0.0
206.0,8.0
133.0,6.0
137.0,8.0
116.0,1.0
112.0,3.0
128.0,6.0
145.0,8.0
110.0,3.0
755.0,42.0
243.0,3.0
631.0,47.0
205.0,1.0
144.0,5.0
152.0,3.0
108.0,6.0
64.0,5.0
73.0,9.0
47.0,1.0
-200.0,7.0
1349.0,63.0
79.0,2.0
113.0,3.0
263.0,8.0
569.0,55.0
263.0,8.0
183.0,5.0
147.0,1.0
132.0,4.0
877.0,30.0
788.0,28.0
790.0,27.0
895.0,30.0
826.0,34.0
799.0,34.0
789.0,35.0
675.0,42.0
730.0,49.0
870.0,54.0
964.0,54.0
1034.0,57.0
1163.0,58.0
1243.0,62.0
1331.0,63.0
1416.0,61.0
1255.0,65.0
906.0,67.0
625.0,62.0
609.0,58.0
309.0,5.0
327.0,0.0
299.0,1.0
257.0,4.0
195.0,3.0
681.0,35.0
748.0,30.0
192.0,6.0
251.0,6.0
289.0,3.0
351.0,4.0
319.0,8.0
264.0,2.0
144.0,9.0
119.0,9.0
882.0,66.0
96.0,4.0
77.0,8.0
1159.0,68.0
1030.0,74.0
97.0,6.0
778.0,75.0
352.0,8.0
279.0,8.0
186.0,3.0
169.0,6.0
172.0,6.0
127.0,2.0
230.0,7.0
280.0,5.0
650.0,77.0
250.0,6.0
309.0,6.0
270.0,0.0
323.0,9.0
627.0,78.0
224.0,5.0
166.0,1.0
171.0,8.0
169.0,7.0
120.0,5.0
103.0,7.0
958.0,82.0
1158.0,79.0
1055.0,80.0
1002.0,79.0
905.0,79.0
849.0,80.0
911.0,78.0
838.0,74.0
969.0,61.0
1054.0,50.0
939.0,47.0
1130.0,46.0
1054.0,44.0
1033.0,45.0
1043.0,49.0
1014.0,53.0
909.0,56.0
900.0,52.0
1022.0,51.0
919.0,50.0
798.0,54.0
897.0,57.0
942.0,56.0
982.0,60.0
988.0,68.0
1144.0,69.0
1309.0,71.0
1268.0,72.0
1266.0,72.0
1154.0,72.0
1052.0,75.0
901.0,77.0
873.0,74.0
980.0,67.0
1136.0,56.0
1140.0,55.0
929.0,62.0
921.0,58.0
916.0,54.0
876.0,54.0
744.0,55.0
847.0,57.0
854.0,60.0
920.0,63.0
826.0,65.0
871.0,67.0
1029.0,70.0
1103.0,73.0
1275.0,78.0
1238.0,78.0
1242.0,70.0
913.0,70.0
680.0,64.0
652.0,57.0
876.0,48.0
947.0,43.0
950.0,45.0
811.0,46.0
743.0,58.0
892.0,75.0
872.0,75.0
797.0,79.0
808.0,80.0
916.0,70.0
921.0,71.0
960.0,74.0
1085.0,68.0
1056.0,74.0
1017.0,77.0
1136.0,77.0
1222.0,80.0
1429.0,79.0
1587.0,78.0
1523.0,80.0
1260.0,79.0
942.0,79.0
638.0,77.0
540.0,69.0
637.0,60.0
678.0,56.0
648.0,51.0
658.0,37.0
720.0,39.0
859.0,37.0
956.0,31.0
844.0,26.0
712.0,29.0
599.0,39.0
612.0,45.0
663.0,47.0
792.0,50.0
932.0,52.0
866.0,59.0
1071.0,56.0
976.0,67.0
1172.0,61.0
1197.0,71.0
1301.0,67.0
1160.0,71.0
887.0,70.0
572.0,66.0
478.0,58.0
619.0,50.0
668.0,36.0
849.0,30.0
900.0,26.0
914.0,26.0
953.0,24.0
988.0,22.0
944.0,20.0
765.0,24.0
601.0,28.0
584.0,33.0
635.0,36.0
753.0,39.0
847.0,42.0
933.0,45.0
973.0,50.0
1058.0,53.0
1141.0,53.0
1242.0,59.0
1295.0,62.0
1276.0,59.0
990.0,64.0
767.0,57.0
623.0,53.0
593.0,41.0
694.0,30.0
766.0,26.0
814.0,24.0
893.0,23.0
908.0,21.0
824.0,16.0
806.0,16.0
679.0,20.0
661.0,24.0
587.0,29.0
701.0,34.0
835.0,37.0
982.0,38.0
976.0,43.0
873.0,47.0
958.0,49.0
1155.0,46.0
1202.0,53.0
1213.0,53.0
59.0,2.0
72.0,3.0
627.0,58.0
351.0,4.0
621.0,42.0
245.0,7.0
240.0,9.0
179.0,7.0
757.0,21.0
174.0,6.0
260.0,0.0
281.0,5.0
284.0,0.0
250.0,9.0
281.0,1.0
230.0,5.0
98.0,5.0
121.0,2.0
777.0,47.0
161.0,2.0
148.0,1.0
109.0,3.0
-200.0,7.0
1045.0,49.0
71.0,8.0
75.0,0.0
106.0,6.0
166.0,7.0
685.0,45.0
161.0,9.0
139.0,8.0
134.0,2.0
84.0,9.0
798.0,41.0
91.0,6.0
99.0,0.0
90.0,5.0
147.0,9.0
177.0,4.0
162.0,2.0
906.0,73.0
53.0,9.0
68.0,5.0
61.0,2.0
71.0,4.0
1161.0,58.0
-200.0,6.0
1535.0,51.0
14.0,5.0
34.0,8.0
42.0,5.0
40.0,4.0
48.0,1.0
1346.0,38.0
58.0,2.0
1290.0,33.0
54.0,9.0
41.0,3.0
57.0,4.0
83.0,2.0
81.0,6.0
98.0,5.0
124.0,8.0
133.0,6.0
100.0,5.0
116.0,8.0
102.0,5.0
55.0,1.0
33.0,2.0
17.0,1.0
-200.0,0.0
1826.0,43.0
35.0,9.0
70.0,0.0
116.0,4.0
134.0,0.0
113.0,3.0
110.0,3.0
98.0,8.0
96.0,6.0
95.0,2.0
86.0,7.0
86.0,7.0
91.0,0.0
119.0,6.0
147.0,3.0
811.0,37.0
124.0,3.0
89.0,3.0
79.0,4.0
63.0,0.0
39.0,4.0
25.0,7.0
19.0,6.0
-200.0,2.0
1236.0,49.0
58.0,5.0
112.0,4.0
314.0,9.0
240.0,1.0
128.0,6.0
141.0,8.0
118.0,8.0
132.0,2.0
773.0,20.0
898.0,24.0
149.0,7.0
120.0,2.0
155.0,0.0
172.0,5.0
177.0,7.0
181.0,5.0
135.0,9.0
99.0,9.0
806.0,43.0
72.0,4.0
999.0,44.0
41.0,5.0
-200.0,2.0
1209.0,56.0
29.0,3.0
76.0,9.0
321.0,0.0
274.0,1.0
322.0,3.0
255.0,2.0
196.0,7.0
136.0,4.0
119.0,1.0
169.0,7.0
197.0,4.0
140.0,4.0
178.0,3.0
223.0,3.0
222.0,1.0
265.0,8.0
151.0,8.0
79.0,6.0
87.0,9.0
88.0,4.0
923.0,59.0
34.0,9.0
-200.0,6.0
1168.0,63.0
76.0,3.0
139.0,9.0
293.0,8.0
368.0,1.0
250.0,6.0
145.0,8.0
110.0,4.0
829.0,25.0
205.0,9.0
201.0,4.0
266.0,7.0
246.0,4.0
247.0,8.0
271.0,2.0
332.0,2.0
245.0,6.0
180.0,2.0
156.0,8.0
172.0,0.0
137.0,2.0
91.0,7.0
80.0,7.0
963.0,77.0
1009.0,78.0
68.0,7.0
162.0,9.0
662.0,68.0
161.0,7.0
209.0,6.0
191.0,3.0
215.0,0.0
212.0,3.0
202.0,4.0
153.0,4.0
185.0,7.0
644.0,60.0
215.0,0.0
215.0,8.0
281.0,8.0
254.0,1.0
189.0,2.0
689.0,66.0
167.0,7.0
185.0,8.0
129.0,3.0
85.0,5.0
-200.0,7.0
1134.0,69.0
24.0,7.0
30.0,7.0
75.0,9.0
79.0,7.0
104.0,4.0
118.0,6.0
105.0,6.0
901.0,31.0
65.0,6.0
59.0,8.0
80.0,1.0
949.0,33.0
89.0,7.0
114.0,3.0
759.0,42.0
156.0,0.0
866.0,55.0
184.0,4.0
190.0,6.0
105.0,2.0
76.0,1.0
38.0,4.0
-200.0,8.0
1141.0,65.0
33.0,7.0
57.0,1.0
48.0,3.0
87.0,0.0
94.0,7.0
89.0,3.0
78.0,6.0
72.0,3.0
64.0,4.0
70.0,6.0
92.0,9.0
69.0,9.0
131.0,5.0
144.0,6.0
209.0,2.0
170.0,9.0
152.0,4.0
171.0,4.0
923.0,44.0
97.0,0.0
37.0,6.0
26.0,4.0
-200.0,6.0
1256.0,61.0
61.0,8.0
152.0,0.0
283.0,8.0
320.0,9.0
318.0,4.0
201.0,4.0
858.0,30.0
127.0,8.0
102.0,4.0
74.0,3.0
81.0,9.0
129.0,2.0
190.0,4.0
192.0,9.0
163.0,5.0
149.0,3.0
777.0,64.0
61.0,5.0
84.0,9.0
79.0,4.0
1038.0,79.0
32.0,1.0
-200.0,6.0
1335.0,81.0
49.0,7.0
180.0,0.0
302.0,6.0
258.0,1.0
192.0,7.0
84.0,3.0
128.0,2.0
145.0,5.0
132.0,4.0
136.0,4.0
140.0,9.0
55.0,9.0
67.0,5.0
191.0,3.0
227.0,2.0
264.0,1.0
766.0,70.0
43.0,5.0
58.0,3.0
33.0,6.0
14.0,0.0
18.0,7.0
-200.0,5.0
1267.0,74.0
56.0,6.0
108.0,5.0
251.0,1.0
571.0,70.0
255.0,4.0
214.0,3.0
190.0,2.0
709.0,61.0
202.0,8.0
224.0,3.0
221.0,5.0
126.0,5.0
79.0,7.0
717.0,61.0
68.0,5.0
96.0,9.0
111.0,1.0
56.0,9.0
81.0,0.0
79.0,5.0
46.0,0.0
19.0,6.0
-200.0,7.0
1625.0,67.0
48.0,2.0
128.0,1.0
193.0,7.0
203.0,9.0
220.0,9.0
161.0,2.0
135.0,5.0
57.0,0.0
91.0,1.0
733.0,65.0
239.0,3.0
209.0,7.0
169.0,4.0
92.0,6.0
107.0,0.0
122.0,7.0
100.0,3.0
51.0,4.0
93.0,1.0
145.0,8.0
896.0,67.0
46.0,7.0
-200.0,9.0
1269.0,67.0
51.0,6.0
89.0,3.0
214.0,9.0
196.0,4.0
224.0,0.0
174.0,6.0
90.0,7.0
89.0,2.0
132.0,7.0
114.0,8.0
107.0,2.0
140.0,2.0
187.0,9.0
222.0,7.0
117.0,9.0
89.0,9.0
922.0,65.0
927.0,64.0
144.0,3.0
99.0,3.0
102.0,6.0
27.0,6.0
1482.0,51.0
1544.0,67.0
1480.0,85.0
1243.0,81.0
1028.0,75.0
857.0,75.0
884.0,66.0
910.0,63.0
791.0,72.0
760.0,76.0
827.0,60.0
1053.0,55.0
1003.0,40.0
1073.0,35.0
992.0,33.0
913.0,38.0
720.0,44.0
714.0,51.0
835.0,56.0
858.0,58.0
979.0,59.0
952.0,60.0
862.0,64.0
879.0,65.0
848.0,68.0
856.0,68.0
825.0,71.0
987.0,73.0
1050.0,62.0
1266.0,46.0
1068.0,44.0
1025.0,49.0
1008.0,46.0
940.0,44.0
1041.0,68.0
997.0,65.0
892.0,54.0
1048.0,46.0
1011.0,44.0
972.0,44.0
850.0,47.0
833.0,51.0
889.0,55.0
866.0,59.0
845.0,62.0
951.0,61.0
1172.0,57.0
1361.0,60.0
1462.0,63.0
1304.0,62.0
1213.0,63.0
837.0,67.0
523.0,62.0
490.0,57.0
257.0,8.0
178.0,0.0
145.0,3.0
137.0,7.0
139.0,8.0
130.0,5.0
148.0,0.0
120.0,2.0
132.0,4.0
188.0,0.0
597.0,45.0
698.0,50.0
128.0,8.0
106.0,8.0
88.0,0.0
77.0,2.0
36.0,0.0
28.0,3.0
-200.0,8.0
1305.0,70.0
55.0,0.0
135.0,3.0
327.0,7.0
383.0,5.0
366.0,5.0
322.0,9.0
712.0,29.0
144.0,3.0
132.0,8.0
826.0,31.0
121.0,5.0
124.0,7.0
188.0,3.0
226.0,4.0
266.0,1.0
568.0,40.0
183.0,2.0
167.0,1.0
138.0,3.0
105.0,9.0
54.0,6.0
58.0,6.0
-200.0,9.0
1132.0,62.0
84.0,0.0
134.0,5.0
279.0,5.0
333.0,0.0
336.0,8.0
280.0,7.0
275.0,9.0
207.0,9.0
305.0,4.0
236.0,4.0
183.0,1.0
162.0,3.0
157.0,7.0
136.0,4.0
166.0,6.0
136.0,7.0
112.0,8.0
87.0,1.0
86.0,5.0
98.0,2.0
62.0,4.0
32.0,2.0
-200.0,0.0
1554.0,53.0
41.0,2.0
1069.0,55.0
815.0,55.0
264.0,0.0
211.0,6.0
208.0,4.0
139.0,6.0
138.0,2.0
142.0,2.0
131.0,5.0
132.0,5.0
178.0,8.0
228.0,3.0
232.0,3.0
204.0,8.0
250.0,1.0
208.0,2.0
158.0,8.0
197.0,5.0
152.0,3.0
112.0,8.0
75.0,3.0
978.0,56.0
908.0,59.0
116.0,0.0
118.0,2.0
272.0,5.0
527.0,45.0
258.0,0.0
186.0,8.0
130.0,5.0
905.0,23.0
148.0,7.0
147.0,1.0
123.0,4.0
138.0,1.0
836.0,22.0
214.0,2.0
230.0,6.0
191.0,1.0
128.0,0.0
138.0,8.0
126.0,4.0
107.0,1.0
67.0,0.0
964.0,43.0
-200.0,8.0
1043.0,51.0
33.0,7.0
41.0,3.0
106.0,0.0
208.0,6.0
193.0,3.0
191.0,1.0
113.0,0.0
111.0,6.0
106.0,5.0
82.0,1.0
79.0,2.0
90.0,4.0
104.0,0.0
148.0,8.0
158.0,0.0
234.0,7.0
163.0,9.0
95.0,2.0
146.0,6.0
102.0,1.0
90.0,0.0
41.0,7.0
-200.0,9.0
1234.0,45.0
32.0,5.0
34.0,2.0
57.0,8.0
73.0,3.0
119.0,2.0
930.0,21.0
96.0,2.0
80.0,5.0
45.0,6.0
45.0,9.0
54.0,5.0
66.0,2.0
95.0,4.0
99.0,8.0
147.0,5.0
129.0,7.0
96.0,9.0
92.0,8.0
88.0,3.0
89.0,6.0
52.0,1.0
25.0,4.0
-200.0,4.0
1454.0,34.0
65.0,8.0
132.0,0.0
216.0,6.0
945.0,31.0
140.0,8.0
141.0,3.0
123.0,2.0
129.0,1.0
115.0,8.0
104.0,3.0
129.0,8.0
138.0,7.0
135.0,7.0
163.0,3.0
180.0,5.0
888.0,24.0
72.0,1.0
69.0,9.0
79.0,2.0
1091.0,31.0
36.0,8.0
30.0,0.0
-200.0,2.0
1320.0,40.0
38.0,0.0
68.0,1.0
192.0,1.0
346.0,8.0
225.0,3.0
199.0,3.0
140.0,4.0
162.0,0.0
173.0,9.0
818.0,20.0
133.0,2.0
96.0,7.0
701.0,20.0
221.0,5.0
232.0,8.0
174.0,7.0
138.0,2.0
65.0,1.0
107.0,2.0
70.0,3.0
44.0,2.0
41.0,4.0
-200.0,7.0
1211.0,51.0
32.0,0.0
46.0,4.0
173.0,4.0
320.0,6.0
294.0,0.0
182.0,4.0
154.0,7.0
796.0,22.0
116.0,0.0
121.0,0.0
116.0,6.0
144.0,4.0
176.0,8.0
214.0,4.0
191.0,7.0
205.0,9.0
823.0,41.0
95.0,7.0
781.0,52.0
90.0,5.0
48.0,0.0
38.0,4.0
-200.0,8.0
1265.0,47.0
26.0,3.0
83.0,8.0
188.0,6.0
253.0,7.0
637.0,46.0
155.0,1.0
146.0,6.0
796.0,23.0
756.0,22.0
116.0,1.0
167.0,4.0
145.0,6.0
192.0,2.0
231.0,7.0
248.0,7.0
267.0,1.0
181.0,2.0
163.0,7.0
141.0,2.0
78.0,5.0
42.0,1.0
35.0,0.0
-200.0,3.0
1089.0,50.0
38.0,4.0
65.0,9.0
296.0,4.0
303.0,2.0
244.0,7.0
216.0,5.0
137.0,5.0
120.0,7.0
750.0,21.0
103.0,7.0
757.0,19.0
136.0,5.0
158.0,2.0
216.0,6.0
211.0,9.0
202.0,9.0
147.0,3.0
160.0,5.0
732.0,37.0
194.0,1.0
167.0,8.0
91.0,6.0
-200.0,9.0
994.0,49.0
50.0,8.0
61.0,5.0
107.0,2.0
139.0,3.0
165.0,6.0
139.0,7.0
113.0,6.0
138.0,2.0
770.0,28.0
78.0,3.0
97.0,2.0
115.0,9.0
152.0,4.0
157.0,2.0
132.0,5.0
98.0,3.0
65.0,2.0
101.0,6.0
134.0,2.0
177.0,8.0
179.0,5.0
105.0,0.0
-200.0,1.0
954.0,57.0
27.0,7.0
41.0,9.0
78.0,9.0
68.0,0.0
64.0,6.0
67.0,6.0
54.0,7.0
67.0,8.0
1129.0,25.0
28.0,8.0
51.0,8.0
77.0,9.0
93.0,8.0
94.0,8.0
69.0,3.0
57.0,9.0
934.0,46.0
75.0,5.0
1081.0,42.0
56.0,2.0
31.0,2.0
13.0,8.0
1807.0,42.0
1904.0,41.0
23.0,1.0
72.0,5.0
165.0,5.0
944.0,24.0
85.0,2.0
1155.0,18.0
112.0,3.0
100.0,8.0
109.0,8.0
111.0,1.0
109.0,8.0
114.0,5.0
959.0,15.0
157.0,6.0
147.0,2.0
102.0,1.0
73.0,4.0
65.0,3.0
76.0,5.0
65.0,7.0
41.0,5.0
1522.0,29.0
1472.0,35.0
1559.0,33.0
45.0,6.0
40.0,4.0
101.0,2.0
657.0,27.0
149.0,2.0
207.0,9.0
289.0,3.0
159.0,2.0
162.0,6.0
173.0,6.0
925.0,9.0
939.0,10.0
867.0,10.0
720.0,12.0
-200.0,-200.0
-200.0,-200.0
-200.0,-200.0
-200.0,-200.0
-200.0,-200.0
-200.0,-200.0
-200.0,-200.0
-200.0,-200.0
-200.0,-200.0
-200.0,-200.0
-200.0,-200.0
-200.0,-200.0
-200.0,-200.0
-200.0,-200.0
946.0,35.0
188.0,1.0
159.0,8.0
146.0,6.0
127.0,6.0
128.0,3.0
120.0,8.0
115.0,8.0
1023.0,15.0
933.0,18.0
933.0,19.0
939.0,24.0
1064.0,28.0
1116.0,29.0
1012.0,30.0
1072.0,36.0
1155.0,39.0
1295.0,38.0
1417.0,38.0
1442.0,40.0
1246.0,48.0
1085.0,47.0
739.0,46.0
632.0,41.0
749.0,35.0
1071.0,28.0
1132.0,23.0
995.0,24.0
1009.0,20.0
1071.0,19.0
1016.0,18.0
1066.0,15.0
842.0,21.0
767.0,23.0
822.0,26.0
904.0,28.0
961.0,33.0
1032.0,35.0
1026.0,38.0
1015.0,40.0
1089.0,44.0
1074.0,49.0
1221.0,48.0
1305.0,53.0
1276.0,51.0
992.0,54.0
762.0,51.0
722.0,45.0
774.0,43.0
998.0,35.0
1012.0,29.0
902.0,25.0
949.0,23.0
908.0,25.0
133.0,6.0
131.0,0.0
133.0,6.0
141.0,5.0
112.0,1.0
147.0,2.0
104.0,0.0
1082.0,46.0
937.0,47.0
138.0,3.0
93.0,5.0
71.0,0.0
-200.0,9.0
1179.0,51.0
1562.0,49.0
41.0,9.0
84.0,4.0
77.0,9.0
73.0,2.0
72.0,8.0
77.0,3.0
82.0,8.0
67.0,8.0
59.0,9.0
61.0,9.0
76.0,8.0
73.0,2.0
87.0,4.0
1163.0,32.0
123.0,8.0
1177.0,35.0
102.0,5.0
142.0,0.0
148.0,5.0
107.0,8.0
61.0,2.0
-200.0,8.0
1113.0,47.0
25.0,2.0
32.0,3.0
48.0,6.0
60.0,2.0
52.0,0.0
58.0,5.0
54.0,5.0
52.0,7.0
34.0,1.0
41.0,8.0
41.0,0.0
65.0,3.0
65.0,7.0
84.0,2.0
89.0,4.0
114.0,0.0
127.0,6.0
117.0,3.0
46.0,4.0
16.0,6.0
27.0,7.0
1323.0,42.0
1421.0,45.0
1451.0,45.0
1304.0,52.0
82.0,6.0
167.0,4.0
248.0,3.0
213.0,9.0
161.0,6.0
144.0,9.0
127.0,3.0
116.0,9.0
124.0,5.0
115.0,7.0
150.0,1.0
739.0,32.0
227.0,0.0
156.0,5.0
97.0,7.0
78.0,3.0
60.0,6.0
61.0,8.0
46.0,6.0
1235.0,68.0
1339.0,76.0
1527.0,77.0
1437.0,82.0
39.0,8.0
107.0,3.0
190.0,9.0
236.0,1.0
227.0,5.0
211.0,6.0
201.0,4.0
191.0,6.0
192.0,0.0
143.0,7.0
148.0,6.0
183.0,8.0
216.0,7.0
184.0,0.0
248.0,5.0
221.0,0.0
159.0,6.0
136.0,5.0
168.0,2.0
95.0,5.0
958.0,66.0
1094.0,69.0
1051.0,70.0
1217.0,67.0
1280.0,63.0
1267.0,64.0
1145.0,65.0
964.0,62.0
925.0,56.0
915.0,49.0
925.0,46.0
1003.0,34.0
1141.0,33.0
1164.0,30.0
1035.0,31.0
929.0,31.0
966.0,35.0
876.0,42.0
778.0,46.0
834.0,51.0
915.0,56.0
914.0,60.0
995.0,61.0
957.0,64.0
951.0,70.0
1056.0,79.0
1517.0,64.0
1420.0,64.0
1203.0,67.0
882.0,67.0
688.0,61.0
694.0,57.0
714.0,45.0
798.0,34.0
914.0,31.0
921.0,33.0
885.0,32.0
1025.0,27.0
992.0,25.0
988.0,22.0
849.0,24.0
876.0,28.0
792.0,30.0
855.0,34.0
1015.0,43.0
1016.0,43.0
996.0,48.0
976.0,49.0
1097.0,47.0
1146.0,50.0
1042.0,53.0
1098.0,54.0
1570.0,51.0
1246.0,53.0
779.0,49.0
921.0,41.0
1100.0,37.0
1148.0,31.0
1080.0,29.0
994.0,27.0
930.0,29.0
1016.0,29.0
950.0,32.0
-200.0,2.0
-200.0,3.0
-200.0,5.0
-200.0,7.0
-200.0,4.0
-200.0,5.0
951.0,41.0
-200.0,7.0
-200.0,1.0
-200.0,7.0
-200.0,8.0
-200.0,8.0
37.0,6.0
57.0,3.0
131.0,7.0
171.0,8.0
187.0,9.0
133.0,4.0
87.0,1.0
61.0,9.0
86.0,7.0
83.0,3.0
1135.0,25.0
80.0,6.0
110.0,6.0
108.0,4.0
134.0,8.0
133.0,6.0
118.0,4.0
17.0,0.0
26.0,1.0
55.0,6.0
39.0,9.0
15.0,3.0
47.0,5.0
-200.0,6.0
926.0,81.0
21.0,6.0
33.0,8.0
1037.0,66.0
73.0,4.0
51.0,6.0
61.0,1.0
52.0,4.0
49.0,6.0
40.0,9.0
36.0,0.0
51.0,6.0
56.0,9.0
1186.0,31.0
79.0,9.0
117.0,7.0
127.0,5.0
118.0,8.0
130.0,9.0
131.0,0.0
102.0,3.0
48.0,7.0
22.0,8.0
-200.0,6.0
1263.0,57.0
44.0,2.0
167.0,3.0
220.0,9.0
285.0,7.0
272.0,5.0
238.0,4.0
207.0,6.0
152.0,3.0
185.0,4.0
184.0,7.0
205.0,9.0
172.0,3.0
227.0,5.0
187.0,5.0
290.0,3.0
155.0,0.0
867.0,41.0
94.0,3.0
103.0,4.0
78.0,7.0
38.0,0.0
26.0,5.0
-200.0,9.0
19.0,0.0
35.0,6.0
126.0,2.0
309.0,5.0
376.0,6.0
602.0,44.0
309.0,1.0
220.0,4.0
168.0,7.0
149.0,9.0
160.0,5.0
177.0,7.0
-200.0,8.0
176.0,6.0
202.0,5.0
255.0,8.0
210.0,8.0
157.0,7.0
96.0,3.0
59.0,9.0
81.0,7.0
940.0,49.0
42.0,3.0
-200.0,0.0
31.0,8.0
54.0,3.0
899.0,54.0
261.0,7.0
357.0,4.0
265.0,1.0
247.0,1.0
189.0,7.0
168.0,2.0
183.0,5.0
157.0,6.0
113.0,3.0
896.0,14.0
230.0,6.0
277.0,3.0
295.0,7.0
212.0,7.0
151.0,4.0
110.0,5.0
83.0,4.0
956.0,43.0
27.0,9.0
967.0,52.0
-200.0,7.0
1138.0,57.0
75.0,5.0
101.0,0.0
214.0,7.0
290.0,7.0
311.0,9.0
234.0,1.0
157.0,5.0
165.0,4.0
137.0,9.0
149.0,7.0
140.0,4.0
139.0,0.0
221.0,9.0
318.0,8.0
363.0,1.0
341.0,9.0
163.0,5.0
157.0,3.0
202.0,5.0
102.0,7.0
70.0,2.0
41.0,8.0
-200.0,7.0
36.0,0.0
68.0,3.0
923.0,50.0
332.0,5.0
333.0,8.0
632.0,35.0
788.0,27.0
817.0,21.0
801.0,19.0
797.0,18.0
109.0,3.0
124.0,4.0
127.0,4.0
185.0,4.0
230.0,2.0
265.0,1.0
261.0,1.0
219.0,2.0
180.0,3.0
108.0,9.0
98.0,5.0
57.0,5.0
36.0,1.0
-200.0,6.0
45.0,8.0
87.0,8.0
62.0,8.0
65.0,3.0
125.0,3.0
157.0,0.0
171.0,2.0
119.0,3.0
110.0,9.0
95.0,1.0
58.0,0.0
69.0,0.0
76.0,4.0
63.0,2.0
51.0,5.0
46.0,1.0
52.0,9.0
84.0,1.0
130.0,5.0
147.0,9.0
847.0,45.0
955.0,45.0
24.0,2.0
-200.0,3.0
25.0,4.0
21.0,3.0
25.0,6.0
25.0,4.0
30.0,5.0
42.0,8.0
52.0,3.0
62.0,7.0
67.0,4.0
47.0,4.0
35.0,5.0
45.0,4.0
53.0,0.0
57.0,7.0
1245.0,43.0
1215.0,42.0
1191.0,44.0
65.0,1.0
45.0,8.0
46.0,6.0
33.0,4.0
19.0,7.0
9.0,5.0
-200.0,0.0
1917.0,50.0
21.0,1.0
66.0,3.0
137.0,1.0
151.0,5.0
115.0,4.0
118.0,8.0
95.0,9.0
86.0,5.0
85.0,4.0
1134.0,37.0
74.0,5.0
108.0,9.0
150.0,2.0
157.0,5.0
93.0,3.0
76.0,7.0
1134.0,44.0
64.0,2.0
59.0,8.0
68.0,6.0
31.0,6.0
21.0,7.0
-200.0,0.0
24.0,8.0
38.0,8.0
897.0,51.0
311.0,9.0
609.0,39.0
181.0,3.0
177.0,8.0
180.0,3.0
174.0,8.0
140.0,9.0
859.0,19.0
189.0,0.0
169.0,3.0
172.0,6.0
154.0,8.0
192.0,7.0
160.0,8.0
110.0,3.0
853.0,40.0
124.0,0.0
108.0,2.0
61.0,9.0
34.0,3.0
-200.0,8.0
24.0,3.0
27.0,3.0
882.0,57.0
176.0,3.0
517.0,52.0
221.0,1.0
168.0,1.0
109.0,4.0
102.0,1.0
129.0,7.0
117.0,4.0
112.0,6.0
122.0,0.0
114.0,2.0
111.0,3.0
158.0,3.0
202.0,5.0
166.0,4.0
143.0,3.0
122.0,5.0
113.0,8.0
109.0,9.0
1035.0,51.0
-200.0,3.0
1102.0,58.0
35.0,2.0
123.0,3.0
254.0,2.0
300.0,9.0
281.0,2.0
169.0,0.0
152.0,1.0
127.0,4.0
118.0,4.0
120.0,3.0
125.0,5.0
117.0,9.0
166.0,4.0
180.0,7.0
172.0,0.0
160.0,3.0
103.0,8.0
87.0,2.0
147.0,6.0
120.0,0.0
936.0,48.0
30.0,0.0
-200.0,2.0
19.0,8.0
27.0,9.0
65.0,4.0
169.0,8.0
244.0,8.0
274.0,2.0
202.0,3.0
186.0,3.0
153.0,9.0
785.0,22.0
765.0,21.0
109.0,3.0
133.0,2.0
185.0,6.0
167.0,1.0
218.0,5.0
171.0,7.0
78.0,6.0
84.0,2.0
110.0,7.0
87.0,4.0
909.0,49.0
39.0,8.0
-200.0,9.0
38.0,2.0
41.0,7.0
47.0,8.0
72.0,5.0
100.0,6.0
104.0,0.0
109.0,3.0
103.0,2.0
75.0,4.0
72.0,1.0
56.0,-200.0
51.0,-200.0
52.0,-200.0
-200.0,-200.0
44.0,-200.0
72.0,-200.0
88.0,-200.0
56.0,-200.0
82.0,-200.0
125.0,-200.0
144.0,-200.0
54.0,-200.0
-200.0,-200.0
-200.0,-200.0
-200.0,-200.0
-200.0,-200.0
48.0,-200.0
44.0,-200.0
-200.0,-200.0
59.0,-200.0
53.0,-200.0
-200.0,-200.0
-200.0,-200.0
23.0,-200.0
22.0,-200.0
37.0,-200.0
53.0,-200.0
68.0,-200.0
125.0,-200.0
96.0,-200.0
75.0,-200.0
74.0,-200.0
92.0,-200.0
136.0,-200.0
-200.0,-200.0
76.0,-200.0
21.0,-200.0
-200.0,-200.0
15.0,9.0
52.0,2.0
85.0,6.0
177.0,8.0
232.0,3.0
201.0,1.0
134.0,8.0
104.0,6.0
89.0,2.0
66.0,1.0
85.0,5.0
105.0,1.0
99.0,3.0
132.0,1.0
760.0,22.0
736.0,28.0
149.0,5.0
114.0,1.0
92.0,8.0
75.0,9.0
74.0,5.0
35.0,0.0
22.0,1.0
-200.0,0.0
24.0,8.0
30.0,0.0
93.0,8.0
332.0,2.0
523.0,47.0
267.0,8.0
269.0,1.0
193.0,4.0
239.0,1.0
707.0,25.0
152.0,8.0
115.0,8.0
169.0,5.0
226.0,1.0
218.0,7.0
245.0,0.0
646.0,33.0
104.0,2.0
104.0,0.0
144.0,8.0
79.0,9.0
51.0,8.0
38.0,8.0
-200.0,7.0
1183.0,50.0
30.0,7.0
934.0,52.0
305.0,5.0
295.0,7.0
331.0,0.0
304.0,5.0
210.0,2.0
163.0,9.0
132.0,4.0
126.0,4.0
150.0,8.0
171.0,3.0
234.0,5.0
251.0,3.0
294.0,2.0
300.0,5.0
159.0,3.0
176.0,1.0
192.0,7.0
152.0,6.0
63.0,3.0
929.0,59.0
-200.0,9.0
21.0,7.0
41.0,2.0
48.0,1.0
102.0,9.0
111.0,7.0
93.0,0.0
118.0,1.0
93.0,1.0
56.0,9.0
51.0,8.0
52.0,4.0
59.0,3.0
62.0,8.0
85.0,3.0
109.0,3.0
695.0,30.0
166.0,3.0
149.0,1.0
118.0,4.0
160.0,6.0
124.0,7.0
750.0,48.0
34.0,8.0
-200.0,1.0
45.0,7.0
35.0,9.0
141.0,1.0
199.0,5.0
224.0,9.0
245.0,7.0
153.0,9.0
145.0,9.0
130.0,0.0
95.0,7.0
88.0,5.0
89.0,9.0
127.0,2.0
149.0,4.0
170.0,9.0
210.0,9.0
230.0,1.0
203.0,1.0
174.0,0.0
164.0,3.0
76.0,0.0
1006.0,34.0
47.0,2.0
-200.0,5.0
1129.0,39.0
41.0,5.0
74.0,6.0
168.0,7.0
176.0,9.0
184.0,5.0
187.0,0.0
118.0,5.0
89.0,3.0
70.0,7.0
1013.0,15.0
1002.0,17.0
70.0,2.0
80.0,0.0
90.0,3.0
111.0,5.0
107.0,2.0
73.0,4.0
75.0,7.0
144.0,2.0
120.0,5.0
71.0,5.0
873.0,47.0
848.0,53.0
34.0,2.0
27.0,0.0
30.0,5.0
40.0,5.0
913.0,47.0
104.0,2.0
121.0,0.0
100.0,2.0
59.0,8.0
42.0,0.0
38.0,3.0
40.0,8.0
70.0,2.0
95.0,4.0
90.0,9.0
90.0,3.0
799.0,27.0
135.0,5.0
146.0,0.0
100.0,2.0
69.0,2.0
952.0,40.0
26.0,0.0
-200.0,8.0
24.0,0.0
55.0,0.0
47.0,7.0
209.0,6.0
348.0,5.0
337.0,5.0
280.0,6.0
169.0,3.0
126.0,5.0
108.0,6.0
93.0,1.0
741.0,20.0
110.0,9.0
188.0,1.0
203.0,0.0
167.0,9.0
116.0,9.0
89.0,7.0
103.0,6.0
745.0,38.0
86.0,8.0
52.0,5.0
27.0,3.0
-200.0,0.0
1048.0,48.0
42.0,9.0
57.0,3.0
228.0,7.0
350.0,1.0
232.0,3.0
206.0,4.0
159.0,4.0
184.0,5.0
136.0,8.0
124.0,2.0
133.0,2.0
156.0,0.0
200.0,1.0
202.0,9.0
286.0,7.0
141.0,9.0
117.0,5.0
110.0,3.0
100.0,2.0
112.0,3.0
35.0,8.0
33.0,0.0
-200.0,8.0
28.0,9.0
49.0,6.0
81.0,4.0
178.0,3.0
223.0,4.0
290.0,8.0
274.0,2.0
675.0,26.0
152.0,6.0
118.0,9.0
141.0,3.0
131.0,5.0
171.0,7.0
287.0,8.0
267.0,5.0
280.0,0.0
224.0,9.0
137.0,2.0
118.0,9.0
128.0,8.0
111.0,1.0
66.0,2.0
36.0,9.0
-200.0,3.0
31.0,9.0
75.0,4.0
66.0,4.0
154.0,1.0
239.0,6.0
246.0,2.0
261.0,6.0
767.0,31.0
159.0,6.0
710.0,26.0
101.0,1.0
118.0,8.0
120.0,8.0
177.0,9.0
186.0,5.0
235.0,5.0
195.0,9.0
106.0,7.0
107.0,7.0
134.0,8.0
117.0,1.0
83.0,9.0
77.0,3.0
-200.0,6.0
1043.0,47.0
50.0,1.0
60.0,8.0
179.0,7.0
300.0,4.0
263.0,3.0
265.0,6.0
164.0,6.0
122.0,6.0
125.0,9.0
125.0,8.0
115.0,1.0
162.0,1.0
149.0,8.0
161.0,6.0
739.0,18.0
209.0,5.0
133.0,4.0
133.0,1.0
134.0,5.0
164.0,0.0
72.0,2.0
50.0,4.0
-200.0,8.0
27.0,6.0
74.0,2.0
69.0,5.0
162.0,4.0
208.0,2.0
168.0,3.0
139.0,9.0
104.0,9.0
99.0,3.0
89.0,6.0
57.0,4.0
64.0,9.0
65.0,0.0
79.0,9.0
80.0,3.0
81.0,9.0
59.0,1.0
90.0,4.0
728.0,35.0
120.0,2.0
126.0,0.0
68.0,5.0
65.0,6.0
-200.0,2.0
38.0,2.0
31.0,3.0
40.0,3.0
36.0,0.0
64.0,7.0
859.0,49.0
877.0,37.0
939.0,26.0
40.0,8.0
34.0,9.0
28.0,5.0
32.0,3.0
39.0,9.0
52.0,9.0
60.0,8.0
104.0,3.0
102.0,1.0
120.0,2.0
89.0,0.0
121.0,3.0
107.0,7.0
41.0,5.0
34.0,5.0
-200.0,6.0
1073.0,51.0
38.0,6.0
59.0,1.0
697.0,44.0
287.0,7.0
317.0,0.0
330.0,6.0
204.0,1.0
189.0,2.0
165.0,4.0
139.0,5.0
776.0,14.0
130.0,1.0
633.0,18.0
302.0,3.0
239.0,6.0
139.0,7.0
92.0,8.0
104.0,3.0
108.0,2.0
107.0,4.0
55.0,8.0
43.0,3.0
-200.0,5.0
23.0,5.0
65.0,8.0
165.0,8.0
274.0,9.0
369.0,9.0
308.0,7.0
227.0,5.0
178.0,2.0
267.0,2.0
278.0,6.0
165.0,9.0
789.0,13.0
216.0,6.0
306.0,5.0
317.0,9.0
251.0,2.0
613.0,20.0
154.0,4.0
137.0,8.0
133.0,8.0
117.0,9.0
106.0,3.0
55.0,7.0
-200.0,8.0
27.0,5.0
46.0,0.0
144.0,9.0
392.0,8.0
358.0,9.0
572.0,28.0
261.0,6.0
761.0,17.0
741.0,14.0
193.0,6.0
195.0,5.0
159.0,0.0
120.0,3.0
228.0,2.0
348.0,9.0
337.0,6.0
282.0,7.0
228.0,5.0
168.0,1.0
173.0,2.0
87.0,8.0
65.0,4.0
43.0,5.0
-200.0,8.0
866.0,40.0
66.0,6.0
57.0,5.0
231.0,9.0
219.0,5.0
596.0,32.0
312.0,8.0
361.0,4.0
147.0,3.0
111.0,8.0
98.0,1.0
156.0,9.0
213.0,9.0
250.0,1.0
253.0,4.0
317.0,9.0
309.0,6.0
201.0,2.0
173.0,5.0
156.0,4.0
190.0,1.0
129.0,7.0
823.0,41.0
-200.0,8.0
29.0,4.0
58.0,6.0
847.0,40.0
228.0,0.0
172.0,0.0
154.0,4.0
166.0,5.0
149.0,9.0
111.0,9.0
145.0,4.0
105.0,2.0
113.0,2.0
115.0,4.0
202.0,2.0
180.0,0.0
190.0,3.0
207.0,6.0
113.0,8.0
98.0,7.0
152.0,0.0
161.0,7.0
91.0,2.0
845.0,51.0
-200.0,3.0
22.0,4.0
41.0,7.0
53.0,1.0
92.0,0.0
91.0,0.0
89.0,7.0
81.0,1.0
66.0,2.0
53.0,4.0
61.0,3.0
48.0,1.0
39.0,1.0
41.0,4.0
48.0,8.0
50.0,3.0
51.0,2.0
70.0,1.0
89.0,7.0
100.0,4.0
139.0,1.0
176.0,7.0
880.0,47.0
37.0,0.0
875.0,51.0
30.0,6.0
29.0,6.0
25.0,3.0
40.0,4.0
32.0,5.0
43.0,7.0
44.0,9.0
35.0,0.0
32.0,5.0
21.0,8.0
10.0,2.0
22.0,4.0
46.0,0.0
66.0,0.0
49.0,6.0
86.0,9.0
111.0,3.0
143.0,2.0
184.0,2.0
134.0,7.0
78.0,6.0
50.0,7.0
13.0,2.0
-200.0,7.0
1200.0,51.0
43.0,0.0
146.0,5.0
333.0,6.0
298.0,3.0
178.0,7.0
177.0,4.0
172.0,7.0
183.0,5.0
164.0,0.0
122.0,2.0
105.0,0.0
144.0,8.0
220.0,0.0
207.0,6.0
210.0,6.0
175.0,3.0
117.0,5.0
93.0,3.0
118.0,9.0
132.0,8.0
932.0,51.0
43.0,4.0
-200.0,8.0
44.0,3.0
50.0,6.0
101.0,2.0
567.0,54.0
524.0,48.0
321.0,7.0
272.0,4.0
278.0,3.0
253.0,7.0
187.0,5.0
870.0,13.0
89.0,1.0
124.0,3.0
206.0,9.0
241.0,0.0
303.0,9.0
294.0,3.0
203.0,0.0
176.0,2.0
155.0,3.0
108.0,6.0
72.0,0.0
65.0,2.0
-200.0,4.0
39.0,5.0
79.0,8.0
140.0,8.0
427.0,9.0
366.0,1.0
311.0,0.0
275.0,2.0
195.0,4.0
144.0,1.0
829.0,16.0
800.0,13.0
176.0,3.0
203.0,3.0
237.0,0.0
676.0,13.0
300.0,3.0
717.0,25.0
185.0,8.0
134.0,3.0
96.0,3.0
122.0,0.0
64.0,4.0
30.0,5.0
-200.0,0.0
1105.0,44.0
36.0,4.0
58.0,1.0
168.0,3.0
526.0,47.0
231.0,4.0
157.0,6.0
132.0,1.0
736.0,24.0
742.0,18.0
125.0,2.0
773.0,17.0
163.0,5.0
259.0,5.0
236.0,7.0
245.0,5.0
344.0,7.0
188.0,7.0
149.0,7.0
102.0,5.0
99.0,3.0
904.0,36.0
36.0,7.0
-200.0,2.0
30.0,6.0
56.0,3.0
51.0,7.0
172.0,5.0
316.0,4.0
269.0,2.0
802.0,33.0
206.0,8.0
156.0,4.0
120.0,5.0
161.0,5.0
114.0,0.0
191.0,1.0
236.0,3.0
606.0,17.0
266.0,4.0
274.0,3.0
196.0,5.0
144.0,9.0
142.0,7.0
124.0,7.0
93.0,6.0
71.0,2.0
-200.0,2.0
56.0,3.0
46.0,6.0
51.0,3.0
83.0,1.0
713.0,43.0
148.0,0.0
167.0,9.0
120.0,1.0
78.0,9.0
76.0,3.0
1001.0,12.0
1039.0,13.0
70.0,1.0
87.0,1.0
69.0,4.0
95.0,0.0
810.0,21.0
88.0,7.0
100.0,9.0
125.0,8.0
132.0,8.0
57.0,3.0
46.0,3.0
-200.0,7.0
1023.0,39.0
33.0,1.0
50.0,2.0
39.0,3.0
84.0,6.0
93.0,7.0
82.0,6.0
73.0,3.0
43.0,9.0
39.0,4.0
27.0,2.0
46.0,3.0
53.0,4.0
38.0,1.0
39.0,6.0
49.0,9.0
68.0,6.0
102.0,7.0
123.0,0.0
106.0,9.0
66.0,0.0
43.0,8.0
33.0,6.0
1090.0,38.0
33.0,2.0
75.0,2.0
111.0,4.0
250.0,9.0
313.0,2.0
263.0,1.0
282.0,4.0
226.0,8.0
709.0,16.0
777.0,16.0
799.0,14.0
777.0,13.0
761.0,14.0
658.0,17.0
586.0,19.0
610.0,24.0
658.0,28.0
664.0,30.0
628.0,33.0
728.0,33.0
762.0,36.0
802.0,36.0
827.0,41.0
924.0,41.0
879.0,47.0
856.0,44.0
683.0,46.0
499.0,43.0
412.0,38.0
494.0,33.0
567.0,23.0
645.0,18.0
685.0,18.0
713.0,16.0
727.0,12.0
714.0,12.0
771.0,14.0
632.0,15.0
685.0,19.0
648.0,23.0
638.0,26.0
695.0,29.0
644.0,30.0
645.0,33.0
733.0,36.0
784.0,38.0
816.0,43.0
967.0,39.0
1006.0,40.0
828.0,50.0
751.0,49.0
562.0,46.0
471.0,42.0
576.0,37.0
545.0,26.0
656.0,17.0
736.0,15.0
741.0,15.0
865.0,15.0
778.0,14.0
767.0,14.0
733.0,14.0
124.0,6.0
165.0,1.0
164.0,3.0
122.0,2.0
134.0,1.0
121.0,9.0
112.0,8.0
62.0,9.0
50.0,4.0
-200.0,2.0
796.0,55.0
48.0,9.0
58.0,0.0
306.0,7.0
410.0,46.0
551.0,42.0
266.0,0.0
159.0,3.0
144.0,1.0
712.0,15.0
108.0,8.0
153.0,3.0
166.0,6.0
179.0,4.0
225.0,6.0
567.0,21.0
228.0,5.0
137.0,2.0
116.0,4.0
143.0,4.0
157.0,6.0
72.0,7.0
42.0,0.0
-200.0,8.0
34.0,6.0
74.0,6.0
743.0,46.0
199.0,5.0
262.0,6.0
236.0,0.0
186.0,2.0
132.0,3.0
140.0,1.0
143.0,2.0
99.0,9.0
107.0,1.0
130.0,8.0
133.0,1.0
600.0,20.0
155.0,8.0
154.0,1.0
95.0,1.0
110.0,0.0
116.0,5.0
153.0,8.0
111.0,0.0
79.0,4.0
-200.0,8.0
47.0,1.0
61.0,6.0
56.0,4.0
733.0,49.0
109.0,6.0
111.0,0.0
150.0,7.0
87.0,6.0
64.0,8.0
47.0,3.0
34.0,4.0
37.0,3.0
49.0,6.0
54.0,1.0
70.0,3.0
76.0,9.0
59.0,2.0
44.0,2.0
47.0,3.0
71.0,0.0
90.0,7.0
45.0,8.0
44.0,7.0
-200.0,0.0
1119.0,59.0
10.0,5.0
19.0,4.0
20.0,4.0
30.0,5.0
24.0,9.0
35.0,0.0
48.0,6.0
41.0,2.0
37.0,1.0
32.0,8.0
43.0,5.0
28.0,2.0
38.0,0.0
72.0,6.0
89.0,8.0
103.0,5.0
77.0,7.0
84.0,3.0
82.0,9.0
81.0,6.0
50.0,0.0
30.0,2.0
1129.0,46.0
1204.0,46.0
1097.0,47.0
830.0,48.0
686.0,46.0
734.0,42.0
832.0,38.0
861.0,31.0
838.0,26.0
834.0,26.0
834.0,24.0
975.0,24.0
866.0,22.0
867.0,23.0
767.0,23.0
659.0,28.0
709.0,27.0
756.0,29.0
815.0,33.0
881.0,35.0
813.0,37.0
873.0,35.0
942.0,38.0
949.0,40.0
1128.0,40.0
1064.0,43.0
1035.0,42.0
796.0,48.0
724.0,46.0
728.0,45.0
765.0,38.0
780.0,31.0
839.0,26.0
894.0,26.0
890.0,26.0
928.0,25.0
942.0,22.0
925.0,22.0
818.0,22.0
781.0,22.0
819.0,24.0
846.0,24.0
892.0,28.0
874.0,28.0
940.0,27.0
835.0,28.0
873.0,31.0
999.0,34.0
1156.0,33.0
1022.0,41.0
977.0,41.0
875.0,42.0
670.0,40.0
515.0,38.0
575.0,29.0
719.0,18.0
872.0,15.0
829.0,15.0
877.0,15.0
909.0,16.0
830.0,15.0
838.0,13.0
704.0,16.0
679.0,16.0
687.0,20.0
710.0,26.0
780.0,27.0
783.0,27.0
805.0,29.0
776.0,30.0
808.0,32.0
1074.0,30.0
1087.0,32.0
1158.0,34.0
995.0,40.0
807.0,41.0
601.0,40.0
491.0,36.0
600.0,29.0
654.0,19.0
742.0,16.0
786.0,16.0
800.0,16.0
887.0,19.0
725.0,16.0
756.0,16.0
713.0,18.0
689.0,19.0
687.0,24.0
720.0,28.0
658.0,32.0
601.0,40.0
651.0,45.0
677.0,46.0
747.0,46.0
841.0,51.0
782.0,52.0
932.0,51.0
894.0,52.0
862.0,49.0
559.0,50.0
470.0,49.0
511.0,46.0
584.0,32.0
686.0,26.0
742.0,24.0
742.0,21.0
752.0,21.0
749.0,18.0
777.0,18.0
684.0,21.0
649.0,23.0
628.0,28.0
647.0,34.0
667.0,38.0
620.0,40.0
716.0,41.0
-200.0,-200.0
809.0,46.0
864.0,51.0
854.0,56.0
913.0,55.0
40.0,7.0
72.0,6.0
801.0,53.0
89.0,2.0
151.0,3.0
215.0,8.0
196.0,0.0
161.0,5.0
120.0,8.0
88.0,1.0
38.0,0.0
47.0,4.0
886.0,20.0
58.0,3.0
71.0,0.0
90.0,8.0
95.0,1.0
85.0,6.0
119.0,7.0
681.0,47.0
77.0,7.0
28.0,1.0
-200.0,8.0
21.0,5.0
17.0,3.0
24.0,3.0
19.0,1.0
39.0,0.0
46.0,3.0
53.0,4.0
32.0,4.0
30.0,4.0
24.0,2.0
34.0,1.0
63.0,2.0
69.0,7.0
61.0,5.0
73.0,6.0
75.0,1.0
69.0,7.0
71.0,5.0
73.0,8.0
86.0,4.0
65.0,3.0
74.0,7.0
45.0,2.0
-200.0,5.0
2.0,5.0
29.0,1.0
42.0,6.0
146.0,7.0
544.0,54.0
163.0,4.0
144.0,7.0
125.0,0.0
90.0,6.0
76.0,1.0
73.0,1.0
73.0,9.0
80.0,0.0
121.0,9.0
129.0,5.0
103.0,8.0
87.0,5.0
58.0,8.0
64.0,0.0
58.0,1.0
44.0,4.0
774.0,52.0
941.0,47.0
1186.0,45.0
1077.0,50.0
1026.0,47.0
973.0,48.0
529.0,51.0
487.0,48.0
539.0,45.0
596.0,36.0
697.0,32.0
650.0,35.0
689.0,32.0
722.0,30.0
730.0,28.0
684.0,24.0
671.0,24.0
622.0,28.0
631.0,37.0
672.0,45.0
685.0,48.0
659.0,48.0
645.0,49.0
678.0,51.0
714.0,51.0
791.0,53.0
889.0,55.0
962.0,51.0
987.0,50.0
733.0,57.0
521.0,52.0
455.0,47.0
663.0,42.0
764.0,35.0
719.0,30.0
747.0,27.0
748.0,25.0
852.0,23.0
813.0,21.0
828.0,22.0
727.0,23.0
750.0,33.0
732.0,58.0
785.0,46.0
846.0,45.0
838.0,52.0
894.0,49.0
783.0,53.0
869.0,52.0
922.0,54.0
1032.0,54.0
1054.0,57.0
857.0,63.0
742.0,64.0
557.0,58.0
574.0,50.0
676.0,45.0
662.0,36.0
706.0,28.0
727.0,27.0
808.0,24.0
850.0,30.0
767.0,51.0
748.0,69.0
669.0,78.0
682.0,78.0
678.0,78.0
732.0,80.0
805.0,81.0
816.0,70.0
829.0,68.0
731.0,72.0
734.0,74.0
827.0,72.0
875.0,73.0
930.0,75.0
65.0,4.0
94.0,9.0
205.0,0.0
516.0,74.0
237.0,5.0
245.0,6.0
206.0,3.0
156.0,5.0
126.0,6.0
108.0,7.0
102.0,1.0
110.0,5.0
57.0,5.0
109.0,8.0
151.0,7.0
153.0,4.0
103.0,5.0
76.0,1.0
93.0,1.0
75.0,8.0
57.0,4.0
32.0,4.0
-200.0,3.0
42.0,9.0
37.0,6.0
44.0,6.0
51.0,9.0
74.0,3.0
649.0,56.0
109.0,6.0
80.0,5.0
57.0,5.0
56.0,5.0
960.0,25.0
947.0,21.0
939.0,21.0
46.0,8.0
71.0,9.0
65.0,2.0
78.0,7.0
51.0,7.0
84.0,3.0
89.0,3.0
65.0,7.0
43.0,4.0
32.0,9.0
-200.0,1.0
22.0,9.0
21.0,8.0
27.0,4.0
31.0,3.0
901.0,56.0
62.0,3.0
936.0,45.0
53.0,6.0
87.0,4.0
36.0,2.0
21.0,6.0
27.0,0.0
29.0,1.0
38.0,0.0
949.0,32.0
66.0,1.0
63.0,0.0
88.0,1.0
87.0,1.0
86.0,6.0
49.0,8.0
40.0,5.0
27.0,9.0
-200.0,3.0
1065.0,65.0
58.0,2.0
87.0,2.0
143.0,3.0
96.0,5.0
16.0,7.0
54.0,8.0
42.0,7.0
72.0,3.0
54.0,2.0
52.0,9.0
64.0,4.0
70.0,-200.0
65.0,-200.0
80.0,-200.0
88.0,-200.0
81.0,8.0
59.0,8.0
69.0,2.0
58.0,5.0
732.0,55.0
17.0,1.0
6.0,3.0
-200.0,4.0
20.0,4.0
58.0,5.0
106.0,4.0
143.0,5.0
167.0,0.0
188.0,5.0
164.0,6.0
128.0,5.0
88.0,0.0
51.0,8.0
914.0,24.0
59.0,5.0
67.0,8.0
105.0,6.0
91.0,8.0
69.0,7.0
65.0,3.0
58.0,7.0
67.0,5.0
64.0,8.0
65.0,2.0
47.0,2.0
29.0,7.0
-200.0,9.0
16.0,4.0
50.0,9.0
78.0,1.0
89.0,8.0
97.0,9.0
93.0,8.0
105.0,6.0
89.0,1.0
63.0,2.0
52.0,0.0
882.0,30.0
926.0,25.0
80.0,7.0
78.0,4.0
64.0,2.0
84.0,8.0
72.0,4.0
70.0,8.0
59.0,4.0
63.0,1.0
58.0,3.0
68.0,7.0
57.0,9.0
-200.0,6.0
1027.0,61.0
47.0,8.0
39.0,5.0
87.0,4.0
122.0,5.0
122.0,4.0
101.0,4.0
92.0,2.0
70.0,5.0
58.0,1.0
898.0,32.0
897.0,28.0
52.0,1.0
53.0,1.0
65.0,2.0
67.0,1.0
67.0,3.0
53.0,3.0
53.0,6.0
60.0,8.0
60.0,4.0
39.0,2.0
22.0,7.0
-200.0,0.0
7.0,4.0
25.0,1.0
47.0,2.0
101.0,0.0
100.0,0.0
79.0,5.0
91.0,4.0
83.0,7.0
65.0,8.0
55.0,3.0
40.0,6.0
48.0,2.0
46.0,0.0
998.0,25.0
965.0,28.0
60.0,4.0
62.0,1.0
912.0,47.0
57.0,6.0
72.0,9.0
63.0,4.0
899.0,55.0
30.0,1.0
-200.0,0.0
18.0,2.0
22.0,6.0
39.0,7.0
68.0,0.0
84.0,0.0
54.0,0.0
51.0,6.0
924.0,29.0
44.0,3.0
47.0,2.0
37.0,8.0
33.0,2.0
36.0,9.0
33.0,9.0
40.0,2.0
56.0,0.0
71.0,8.0
57.0,2.0
825.0,48.0
40.0,7.0
26.0,1.0
24.0,7.0
24.0,8.0
-200.0,8.0
1107.0,62.0
18.0,5.0
19.0,7.0
22.0,0.0
34.0,9.0
61.0,3.0
896.0,34.0
56.0,8.0
31.0,3.0
11.0,3.0
8.0,3.0
14.0,8.0
21.0,9.0
26.0,7.0
37.0,8.0
1016.0,24.0
56.0,6.0
51.0,4.0
79.0,4.0
38.0,3.0
25.0,8.0
24.0,3.0
11.0,5.0
-200.0,8.0
16.0,3.0
43.0,5.0
86.0,3.0
92.0,2.0
102.0,6.0
171.0,1.0
796.0,20.0
119.0,3.0
71.0,4.0
53.0,6.0
61.0,8.0
53.0,4.0
1015.0,15.0
72.0,8.0
67.0,2.0
70.0,7.0
81.0,4.0
79.0,5.0
73.0,0.0
870.0,36.0
45.0,5.0
25.0,3.0
23.0,7.0
-200.0,3.0
18.0,3.0
23.0,6.0
841.0,53.0
135.0,5.0
167.0,3.0
190.0,3.0
717.0,28.0
803.0,23.0
875.0,21.0
852.0,18.0
922.0,20.0
870.0,19.0
843.0,19.0
914.0,19.0
969.0,20.0
929.0,24.0
807.0,29.0
735.0,33.0
692.0,35.0
728.0,36.0
795.0,39.0
823.0,40.0
847.0,42.0
890.0,46.0
903.0,46.0
920.0,45.0
870.0,41.0
708.0,42.0
713.0,36.0
840.0,35.0
896.0,28.0
810.0,32.0
855.0,33.0
850.0,30.0
875.0,29.0
810.0,28.0
83.0,4.0
94.0,8.0
84.0,4.0
90.0,3.0
91.0,3.0
70.0,9.0
75.0,1.0
72.0,0.0
59.0,7.0
48.0,7.0
41.0,3.0
-200.0,8.0
11.0,7.0
11.0,5.0
37.0,1.0
72.0,6.0
53.0,0.0
803.0,42.0
47.0,5.0
33.0,9.0
35.0,2.0
32.0,7.0
852.0,27.0
870.0,24.0
32.0,9.0
51.0,6.0
46.0,2.0
62.0,9.0
65.0,6.0
757.0,47.0
723.0,49.0
809.0,51.0
810.0,52.0
807.0,53.0
859.0,53.0
1206.0,48.0
1398.0,48.0
1075.0,54.0
873.0,59.0
683.0,58.0
591.0,54.0
701.0,50.0
747.0,41.0
777.0,32.0
772.0,31.0
919.0,34.0
960.0,35.0
964.0,34.0
876.0,30.0
840.0,34.0
845.0,38.0
836.0,43.0
767.0,46.0
763.0,49.0
717.0,50.0
767.0,49.0
824.0,46.0
863.0,45.0
927.0,47.0
1150.0,44.0
1137.0,46.0
1058.0,43.0
1088.0,40.0
1017.0,36.0
1061.0,35.0
1131.0,34.0
1031.0,34.0
1086.0,30.0
1113.0,26.0
1120.0,28.0
1171.0,33.0
1142.0,35.0
1023.0,34.0
1060.0,29.0
958.0,31.0
808.0,36.0
831.0,38.0
941.0,41.0
944.0,40.0
878.0,44.0
809.0,49.0
868.0,49.0
868.0,57.0
856.0,60.0
917.0,63.0
935.0,64.0
1038.0,67.0
936.0,63.0
911.0,56.0
830.0,47.0
842.0,34.0
899.0,25.0
1009.0,18.0
1286.0,15.0
1326.0,17.0
1224.0,11.0
1212.0,10.0
1163.0,10.0
999.0,20.0
851.0,28.0
782.0,34.0
773.0,36.0
826.0,38.0
856.0,41.0
817.0,45.0
903.0,46.0
995.0,51.0
1065.0,53.0
1105.0,55.0
1093.0,49.0
997.0,51.0
810.0,48.0
638.0,49.0
702.0,41.0
764.0,30.0
86.0,9.0
57.0,4.0
955.0,22.0
41.0,4.0
979.0,18.0
45.0,3.0
60.0,8.0
51.0,9.0
53.0,8.0
72.0,9.0
62.0,0.0
41.0,6.0
32.0,0.0
44.0,1.0
29.0,2.0
18.0,8.0
-200.0,2.0
12.0,7.0
39.0,2.0
83.0,1.0
149.0,6.0
216.0,4.0
153.0,0.0
714.0,26.0
126.0,9.0
96.0,0.0
92.0,6.0
896.0,22.0
109.0,3.0
723.0,17.0
87.0,9.0
80.0,9.0
70.0,8.0
67.0,5.0
66.0,5.0
97.0,1.0
90.0,9.0
99.0,0.0
71.0,9.0
59.0,7.0
-200.0,5.0
26.0,9.0
47.0,3.0
108.0,6.0
160.0,9.0
204.0,4.0
193.0,1.0
146.0,2.0
687.0,41.0
90.0,9.0
84.0,9.0
60.0,4.0
66.0,3.0
57.0,3.0
71.0,3.0
51.0,5.0
49.0,1.0
59.0,8.0
66.0,0.0
72.0,3.0
89.0,2.0
75.0,3.0
38.0,3.0
24.0,1.0
-200.0,8.0
1189.0,47.0
40.0,7.0
-200.0,-200.0
121.0,-200.0
143.0,-200.0
104.0,-200.0
111.0,-200.0
83.0,-200.0
90.0,-200.0
82.0,-200.0
48.0,-200.0
89.0,-200.0
-200.0,-200.0
129.0,-200.0
103.0,-200.0
115.0,-200.0
108.0,-200.0
-200.0,-200.0
68.0,-200.0
36.0,-200.0
81.0,-200.0
91.0,-200.0
-200.0,-200.0
-200.0,-200.0
46.0,-200.0
71.0,-200.0
92.0,-200.0
201.0,-200.0
169.0,-200.0
158.0,-200.0
147.0,-200.0
119.0,-200.0
-200.0,-200.0
92.0,-200.0
82.0,-200.0
85.0,-200.0
96.0,-200.0
104.0,-200.0
-200.0,-200.0
128.0,-200.0
147.0,-200.0
115.0,-200.0
97.0,-200.0
74.0,-200.0
50.0,-200.0
41.0,-200.0
36.0,-200.0
-200.0,8.0
40.0,0.0
25.0,5.0
38.0,5.0
38.0,6.0
75.0,7.0
104.0,7.0
134.0,9.0
85.0,3.0
30.0,3.0
49.0,4.0
1020.0,22.0
953.0,20.0
877.0,20.0
786.0,23.0
775.0,29.0
690.0,39.0
727.0,43.0
685.0,44.0
697.0,47.0
646.0,52.0
714.0,56.0
699.0,59.0
711.0,62.0
768.0,64.0
809.0,66.0
843.0,66.0
897.0,66.0
947.0,64.0
809.0,58.0
859.0,51.0
776.0,39.0
800.0,31.0
872.0,28.0
956.0,28.0
982.0,25.0
955.0,23.0
898.0,21.0
746.0,22.0
752.0,25.0
590.0,35.0
613.0,39.0
697.0,43.0
680.0,46.0
613.0,51.0
690.0,55.0
831.0,57.0
951.0,56.0
1123.0,52.0
1127.0,59.0
877.0,62.0
726.0,64.0
477.0,60.0
416.0,56.0
517.0,50.0
607.0,45.0
643.0,39.0
679.0,34.0
715.0,34.0
765.0,35.0
635.0,31.0
645.0,29.0
657.0,29.0
611.0,30.0
629.0,38.0
648.0,43.0
656.0,43.0
675.0,47.0
736.0,50.0
836.0,55.0
826.0,58.0
953.0,60.0
1049.0,55.0
954.0,60.0
861.0,64.0
756.0,62.0
505.0,60.0
443.0,55.0
546.0,46.0
568.0,38.0
552.0,32.0
610.0,30.0
626.0,31.0
-200.0,5.0
209.0,8.0
132.0,5.0
666.0,33.0
243.0,4.0
247.0,7.0
633.0,47.0
187.0,7.0
639.0,50.0
200.0,4.0
189.0,7.0
136.0,8.0
83.0,8.0
-200.0,3.0
72.0,8.0
121.0,7.0
268.0,8.0
451.0,6.0
458.0,2.0
487.0,3.0
319.0,1.0
269.0,0.0
224.0,4.0
700.0,29.0
189.0,1.0
686.0,24.0
245.0,5.0
341.0,6.0
567.0,23.0
358.0,0.0
599.0,33.0
252.0,2.0
201.0,6.0
225.0,3.0
622.0,44.0
167.0,4.0
99.0,1.0
-200.0,7.0
87.0,8.0
164.0,0.0
87.0,8.0
93.0,6.0
417.0,8.0
406.0,2.0
577.0,34.0
616.0,28.0
623.0,24.0
697.0,25.0
704.0,24.0
667.0,20.0
694.0,17.0
666.0,18.0
550.0,20.0
490.0,29.0
572.0,35.0
640.0,38.0
649.0,40.0
672.0,41.0
666.0,44.0
699.0,47.0
784.0,50.0
921.0,47.0
954.0,50.0
911.0,55.0
842.0,56.0
540.0,59.0
388.0,54.0
489.0,45.0
524.0,34.0
565.0,28.0
635.0,23.0
698.0,23.0
697.0,22.0
670.0,19.0
674.0,17.0
-200.0,3.0
-200.0,0.0
-200.0,2.0
546.0,33.0
-200.0,5.0
-200.0,1.0
-200.0,8.0
-200.0,0.0
-200.0,8.0
-200.0,4.0
-200.0,2.0
-200.0,0.0
-200.0,1.0
795.0,53.0
-200.0,0.0
-200.0,4.0
615.0,43.0
-200.0,3.0
-200.0,8.0
-200.0,3.0
-200.0,1.0
-200.0,3.0
-200.0,3.0
-200.0,7.0
-200.0,5.0
-200.0,6.0
-200.0,8.0
-200.0,7.0
-200.0,1.0
-200.0,7.0
-200.0,6.0
-200.0,0.0
555.0,33.0
-200.0,5.0
-200.0,1.0
-200.0,4.0
-200.0,6.0
-200.0,4.0
-200.0,5.0
-200.0,0.0
-200.0,9.0
-200.0,9.0
1071.0,23.0
-200.0,5.0
-200.0,2.0
-200.0,2.0
-200.0,6.0
-200.0,0.0
-200.0,9.0
-200.0,6.0
-200.0,3.0
-200.0,8.0
-200.0,1.0
-200.0,3.0
-200.0,9.0
-200.0,3.0
954.0,40.0
-200.0,3.0
-200.0,0.0
1281.0,47.0
-200.0,5.0
-200.0,7.0
-200.0,6.0
-200.0,3.0
-200.0,3.0
-200.0,6.0
-200.0,2.0
-200.0,2.0
-200.0,4.0
-200.0,8.0
-200.0,1.0
-200.0,1.0
-200.0,6.0
-200.0,6.0
-200.0,0.0
-200.0,8.0
-200.0,7.0
-200.0,4.0
-200.0,0.0
-200.0,6.0
-200.0,2.0
-200.0,0.0
-200.0,9.0
-200.0,4.0
-200.0,9.0
169.0,1.0
231.0,7.0
232.0,8.0
145.0,3.0
170.0,0.0
214.0,6.0
-200.0,5.0
-200.0,7.0
-200.0,5.0
-200.0,6.0
-200.0,4.0
-200.0,7.0
-200.0,1.0
-200.0,9.0
-200.0,4.0
-200.0,3.0
694.0,35.0
-200.0,-200.0
-200.0,-200.0
-200.0,-200.0
-200.0,-200.0
-200.0,-200.0
-200.0,-200.0
-200.0,-200.0
-200.0,-200.0
-200.0,-200.0
-200.0,-200.0
848.0,33.0
-200.0,-200.0
-200.0,-200.0
-200.0,-200.0
-200.0,-200.0
-200.0,-200.0
-200.0,-200.0
-200.0,-200.0
-200.0,-200.0
926.0,19.0
502.0,9.0
420.0,2.0
344.0,8.0
307.0,1.0
984.0,30.0
180.0,9.0
141.0,2.0
105.0,3.0
-200.0,0.0
74.0,4.0
91.0,7.0
143.0,3.0
798.0,37.0
542.0,0.0
590.0,0.0
590.0,0.0
387.0,9.0
252.0,1.0
971.0,17.0
396.0,1.0
329.0,4.0
393.0,4.0
522.0,6.0
631.0,2.0
435.0,2.0
407.0,3.0
845.0,30.0
180.0,4.0
186.0,2.0
147.0,2.0
1035.0,39.0
69.0,7.0
-200.0,2.0
49.0,5.0
91.0,4.0
144.0,3.0
430.0,4.0
606.0,9.0
739.0,30.0
871.0,23.0
429.0,8.0
345.0,3.0
417.0,3.0
276.0,0.0
280.0,6.0
365.0,9.0
363.0,4.0
393.0,6.0
385.0,2.0
307.0,7.0
194.0,1.0
205.0,0.0
223.0,1.0
176.0,3.0
952.0,40.0
1059.0,41.0
1126.0,40.0
1189.0,40.0
1101.0,48.0
1057.0,48.0
757.0,50.0
729.0,47.0
775.0,40.0
698.0,30.0
805.0,24.0
899.0,21.0
893.0,22.0
989.0,21.0
994.0,21.0
872.0,20.0
883.0,22.0
815.0,27.0
719.0,32.0
815.0,38.0
743.0,41.0
716.0,44.0
715.0,47.0
701.0,48.0
811.0,50.0
797.0,55.0
943.0,53.0
982.0,55.0
1105.0,55.0
1111.0,55.0
923.0,59.0
830.0,55.0
853.0,48.0
853.0,43.0
908.0,38.0
858.0,48.0
745.0,70.0
996.0,49.0
1050.0,59.0
787.0,66.0
796.0,53.0
823.0,51.0
697.0,55.0
609.0,60.0
655.0,61.0
555.0,63.0
705.0,64.0
833.0,63.0
970.0,63.0
1036.0,68.0
1070.0,70.0
1027.0,73.0
917.0,72.0
824.0,70.0
533.0,66.0
498.0,61.0
626.0,60.0
475.0,4.0
395.0,0.0
639.0,34.0
649.0,34.0
274.0,1.0
773.0,31.0
275.0,2.0
360.0,3.0
605.0,29.0
597.0,0.0
728.0,1.0
593.0,46.0
346.0,1.0
843.0,46.0
144.0,7.0
110.0,8.0
1061.0,52.0
1032.0,62.0
922.0,65.0
916.0,62.0
774.0,59.0
519.0,58.0
469.0,55.0
562.0,50.0
699.0,45.0
644.0,42.0
668.0,35.0
711.0,33.0
832.0,33.0
682.0,45.0
576.0,53.0
518.0,52.0
620.0,48.0
686.0,61.0
873.0,77.0
980.0,82.0
1009.0,78.0
967.0,87.0
949.0,81.0
1082.0,74.0
1013.0,78.0
1013.0,77.0
970.0,78.0
961.0,76.0
791.0,77.0
644.0,73.0
492.0,72.0
582.0,68.0
573.0,64.0
529.0,68.0
540.0,69.0
599.0,65.0
619.0,65.0
579.0,63.0
608.0,56.0
341.0,9.0
622.0,5.0
615.0,1.0
443.0,9.0
219.0,1.0
203.0,1.0
165.0,1.0
339.0,1.0
103.0,9.0
74.0,7.0
-200.0,2.0
72.0,1.0
180.0,4.0
239.0,7.0
664.0,9.0
525.0,4.0
543.0,6.0
390.0,9.0
217.0,7.0
248.0,1.0
333.0,3.0
279.0,9.0
339.0,3.0
315.0,7.0
365.0,8.0
338.0,0.0
318.0,9.0
302.0,3.0
845.0,55.0
-200.0,4.0
-200.0,8.0
363.0,3.0
178.0,4.0
55.0,6.0
-200.0,0.0
32.0,7.0
35.0,6.0
84.0,8.0
456.0,2.0
342.0,7.0
239.0,2.0
337.0,0.0
351.0,5.0
209.0,8.0
257.0,4.0
169.0,2.0
216.0,6.0
303.0,9.0
320.0,6.0
310.0,2.0
341.0,8.0
272.0,3.0
229.0,1.0
168.0,2.0
173.0,1.0
186.0,1.0
112.0,5.0
79.0,1.0
-200.0,4.0
1213.0,45.0
58.0,2.0
122.0,1.0
173.0,0.0
176.0,7.0
233.0,3.0
210.0,4.0
178.0,6.0
189.0,7.0
210.0,6.0
162.0,6.0
137.0,1.0
165.0,1.0
204.0,4.0
832.0,32.0
299.0,3.0
827.0,37.0
181.0,5.0
210.0,8.0
304.0,2.0
255.0,3.0
149.0,6.0
112.0,6.0
-200.0,8.0
90.0,8.0
46.0,3.0
76.0,2.0
936.0,66.0
179.0,6.0
224.0,2.0
272.0,5.0
251.0,0.0
250.0,2.0
761.0,28.0
771.0,28.0
119.0,1.0
193.0,6.0
329.0,2.0
413.0,0.0
489.0,5.0
470.0,2.0
228.0,7.0
169.0,6.0
189.0,7.0
100.0,7.0
71.0,8.0
52.0,4.0
-200.0,9.0
57.0,5.0
69.0,2.0
126.0,4.0
376.0,7.0
455.0,60.0
737.0,5.0
481.0,4.0
425.0,9.0
330.0,5.0
676.0,30.0
283.0,5.0
264.0,8.0
280.0,3.0
560.0,23.0
566.0,5.0
681.0,1.0
448.0,5.0
231.0,8.0
747.0,38.0
146.0,0.0
77.0,5.0
82.0,3.0
55.0,1.0
-200.0,8.0
42.0,8.0
102.0,8.0
231.0,3.0
699.0,2.0
738.0,6.0
665.0,6.0
598.0,8.0
340.0,5.0
374.0,1.0
401.0,4.0
275.0,2.0
278.0,5.0
342.0,5.0
531.0,31.0
553.0,5.0
531.0,7.0
428.0,8.0
229.0,6.0
145.0,0.0
112.0,1.0
99.0,6.0
916.0,61.0
54.0,0.0
-200.0,8.0
59.0,3.0
162.0,1.0
268.0,3.0
531.0,5.0
517.0,1.0
701.0,5.0
510.0,8.0
415.0,1.0
243.0,8.0
267.0,9.0
233.0,5.0
295.0,2.0
309.0,9.0
523.0,28.0
479.0,8.0
460.0,7.0
363.0,6.0
213.0,4.0
183.0,5.0
163.0,9.0
152.0,2.0
104.0,4.0
61.0,2.0
-200.0,4.0
1138.0,63.0
84.0,9.0
132.0,3.0
422.0,3.0
282.0,7.0
293.0,0.0
334.0,3.0
324.0,4.0
294.0,3.0
273.0,0.0
275.0,8.0
282.0,4.0
323.0,5.0
442.0,6.0
431.0,0.0
402.0,2.0
313.0,2.0
228.0,1.0
218.0,1.0
179.0,5.0
859.0,53.0
83.0,5.0
80.0,3.0
-200.0,7.0
66.0,1.0
109.0,4.0
232.0,8.0
535.0,3.0
684.0,9.0
803.0,0.0
539.0,1.0
364.0,6.0
422.0,2.0
483.0,4.0
496.0,6.0
403.0,7.0
282.0,9.0
268.0,3.0
306.0,3.0
293.0,6.0
895.0,76.0
93.0,0.0
99.0,9.0
55.0,5.0
19.0,6.0
26.0,4.0
26.0,4.0
-200.0,3.0
42.0,3.0
32.0,4.0
25.0,5.0
28.0,4.0
41.0,7.0
1067.0,47.0
173.0,2.0
168.0,1.0
51.0,3.0
31.0,8.0
1161.0,31.0
41.0,2.0
54.0,1.0
112.0,1.0
178.0,1.0
218.0,5.0
241.0,3.0
223.0,4.0
279.0,8.0
330.0,8.0
330.0,0.0
341.0,5.0
205.0,6.0
-200.0,5.0
969.0,59.0
102.0,5.0
79.0,6.0
989.0,63.0
261.0,6.0
107.0,8.0
103.0,6.0
1147.0,32.0
1127.0,30.0
110.0,3.0
98.0,1.0
146.0,1.0
119.0,4.0
234.0,1.0
261.0,5.0
371.0,3.0
266.0,6.0
268.0,7.0
294.0,0.0
303.0,1.0
241.0,6.0
142.0,9.0
921.0,58.0
-200.0,1.0
104.0,0.0
179.0,1.0
361.0,4.0
799.0,0.0
618.0,50.0
275.0,7.0
325.0,2.0
327.0,7.0
252.0,9.0
226.0,3.0
230.0,8.0
244.0,3.0
788.0,27.0
346.0,1.0
407.0,3.0
490.0,8.0
434.0,1.0
345.0,1.0
192.0,4.0
157.0,7.0
994.0,46.0
105.0,3.0
141.0,0.0
-200.0,4.0
107.0,8.0
166.0,9.0
241.0,1.0
368.0,5.0
498.0,4.0
641.0,8.0
667.0,0.0
550.0,5.0
483.0,4.0
524.0,2.0
481.0,1.0
305.0,2.0
396.0,9.0
501.0,0.0
702.0,7.0
755.0,0.0
524.0,9.0
247.0,8.0
196.0,8.0
135.0,6.0
146.0,2.0
106.0,3.0
70.0,4.0
-200.0,5.0
1145.0,62.0
60.0,1.0
92.0,2.0
739.0,59.0
600.0,1.0
693.0,0.0
617.0,4.0
569.0,4.0
409.0,2.0
335.0,5.0
290.0,4.0
312.0,7.0
440.0,6.0
597.0,26.0
578.0,3.0
615.0,2.0
536.0,6.0
238.0,1.0
249.0,7.0
150.0,3.0
108.0,4.0
879.0,53.0
1030.0,56.0
1138.0,50.0
1036.0,59.0
932.0,57.0
778.0,57.0
520.0,57.0
436.0,55.0
544.0,57.0
525.0,53.0
504.0,50.0
-200.0,6.0
223.0,6.0
267.0,6.0
308.0,1.0
422.0,8.0
623.0,4.0
572.0,6.0
514.0,6.0
414.0,6.0
143.0,1.0
147.0,1.0
159.0,1.0
206.0,3.0
140.0,4.0
132.0,0.0
-200.0,2.0
81.0,8.0
120.0,0.0
279.0,8.0
392.0,2.0
433.0,8.0
531.0,3.0
619.0,2.0
522.0,8.0
505.0,5.0
465.0,9.0
383.0,-200.0
278.0,4.0
372.0,4.0
540.0,8.0
435.0,49.0
411.0,54.0
524.0,58.0
598.0,63.0
645.0,63.0
686.0,64.0
642.0,64.0
699.0,63.0
742.0,64.0
858.0,61.0
867.0,64.0
774.0,65.0
751.0,65.0
612.0,65.0
592.0,62.0
608.0,57.0
648.0,51.0
614.0,48.0
630.0,47.0
639.0,49.0
739.0,49.0
704.0,48.0
690.0,45.0
638.0,48.0
617.0,52.0
512.0,54.0
553.0,57.0
666.0,61.0
668.0,65.0
691.0,60.0
720.0,62.0
788.0,63.0
850.0,61.0
881.0,64.0
908.0,64.0
948.0,65.0
972.0,66.0
829.0,66.0
800.0,64.0
727.0,60.0
647.0,54.0
711.0,46.0
663.0,43.0
715.0,41.0
794.0,42.0
769.0,43.0
775.0,44.0
716.0,44.0
647.0,51.0
514.0,55.0
498.0,59.0
654.0,61.0
735.0,59.0
745.0,64.0
828.0,66.0
838.0,71.0
969.0,68.0
1037.0,72.0
997.0,73.0
937.0,70.0
858.0,71.0
706.0,67.0
550.0,67.0
505.0,61.0
527.0,52.0
519.0,49.0
516.0,44.0
561.0,44.0
625.0,40.0
612.0,39.0
528.0,36.0
451.0,37.0
391.0,43.0
378.0,49.0
520.0,53.0
699.0,55.0
731.0,59.0
787.0,60.0
810.0,63.0
971.0,63.0
1081.0,58.0
1072.0,69.0
1053.0,65.0
955.0,69.0
763.0,69.0
476.0,70.0
491.0,65.0
525.0,58.0
513.0,48.0
539.0,43.0
453.0,37.0
516.0,38.0
575.0,37.0
611.0,37.0
533.0,31.0
459.0,33.0
401.0,40.0
380.0,47.0
475.0,57.0
500.0,60.0
602.0,59.0
688.0,58.0
760.0,60.0
810.0,61.0
841.0,68.0
943.0,65.0
992.0,62.0
933.0,68.0
804.0,68.0
506.0,70.0
429.0,67.0
473.0,61.0
560.0,55.0
530.0,46.0
542.0,44.0
518.0,46.0
563.0,46.0
530.0,43.0
542.0,36.0
476.0,37.0
463.0,44.0
360.0,49.0
427.0,54.0
542.0,57.0
641.0,55.0
620.0,62.0
650.0,64.0
814.0,60.0
894.0,66.0
925.0,62.0
948.0,66.0
852.0,67.0
741.0,64.0
518.0,66.0
383.0,62.0
491.0,57.0
516.0,53.0
587.0,48.0
571.0,40.0
561.0,44.0
566.0,41.0
605.0,40.0
267.0,6.0
398.0,0.0
418.0,2.0
515.0,0.0
396.0,54.0
326.0,3.0
209.0,8.0
183.0,9.0
165.0,6.0
111.0,3.0
67.0,5.0
-200.0,7.0
88.0,2.0
147.0,2.0
279.0,2.0
665.0,4.0
592.0,5.0
557.0,1.0
693.0,2.0
530.0,4.0
412.0,4.0
366.0,7.0
344.0,0.0
339.0,7.0
297.0,5.0
294.0,4.0
211.0,4.0
323.0,2.0
333.0,9.0
163.0,6.0
151.0,0.0
167.0,8.0
174.0,3.0
142.0,9.0
155.0,1.0
-200.0,0.0
96.0,3.0
154.0,8.0
211.0,6.0
381.0,9.0
470.0,5.0
464.0,7.0
450.0,0.0
274.0,5.0
306.0,1.0
308.0,0.0
186.0,9.0
238.0,6.0
249.0,4.0
378.0,7.0
386.0,0.0
461.0,5.0
394.0,2.0
266.0,8.0
158.0,9.0
319.0,5.0
409.0,7.0
621.0,59.0
107.0,8.0
-200.0,5.0
942.0,64.0
56.0,2.0
163.0,3.0
187.0,3.0
150.0,2.0
807.0,59.0
143.0,3.0
220.0,8.0
301.0,5.0
214.0,0.0
162.0,8.0
232.0,4.0
254.0,6.0
224.0,8.0
733.0,68.0
334.0,1.0
239.0,2.0
168.0,8.0
185.0,8.0
178.0,7.0
132.0,1.0
135.0,2.0
39.0,4.0
-200.0,8.0
33.0,9.0
90.0,2.0
164.0,6.0
336.0,6.0
366.0,2.0
565.0,7.0
536.0,2.0
416.0,0.0
379.0,1.0
368.0,2.0
444.0,2.0
352.0,9.0
375.0,2.0
479.0,7.0
448.0,8.0
537.0,64.0
376.0,7.0
224.0,0.0
206.0,0.0
143.0,8.0
113.0,9.0
915.0,65.0
58.0,3.0
-200.0,3.0
56.0,8.0
105.0,9.0
243.0,8.0
492.0,6.0
648.0,57.0
795.0,56.0
785.0,55.0
793.0,49.0
773.0,45.0
707.0,46.0
826.0,50.0
816.0,51.0
818.0,52.0
730.0,54.0
708.0,56.0
670.0,54.0
898.0,57.0
990.0,57.0
997.0,55.0
1074.0,58.0
1164.0,57.0
1276.0,57.0
1419.0,57.0
1558.0,57.0
1590.0,57.0
1485.0,58.0
1205.0,57.0
908.0,58.0
878.0,58.0
286.0,4.0
281.0,5.0
859.0,47.0
818.0,46.0
832.0,46.0
831.0,48.0
892.0,52.0
795.0,58.0
726.0,55.0
759.0,56.0
731.0,57.0
834.0,57.0
970.0,57.0
1013.0,55.0
1015.0,55.0
1004.0,56.0
1146.0,56.0
1333.0,56.0
1434.0,54.0
1436.0,55.0
1325.0,56.0
1080.0,55.0
758.0,56.0
659.0,55.0
747.0,53.0
776.0,42.0
788.0,39.0
746.0,41.0
726.0,41.0
675.0,46.0
679.0,44.0
711.0,46.0
653.0,56.0
615.0,60.0
537.0,59.0
553.0,69.0
769.0,77.0
884.0,77.0
908.0,78.0
770.0,82.0
906.0,83.0
1046.0,84.0
1125.0,77.0
1097.0,79.0
992.0,81.0
725.0,82.0
544.0,80.0
519.0,77.0
501.0,70.0
578.0,51.0
639.0,43.0
620.0,47.0
560.0,61.0
684.0,40.0
603.0,39.0
540.0,44.0
509.0,48.0
539.0,53.0
648.0,53.0
689.0,56.0
902.0,60.0
853.0,78.0
939.0,70.0
825.0,83.0
879.0,81.0
1033.0,80.0
986.0,82.0
970.0,78.0
902.0,80.0
808.0,79.0
807.0,74.0
667.0,70.0
729.0,62.0
756.0,42.0
828.0,38.0
892.0,41.0
819.0,45.0
1021.0,37.0
960.0,35.0
825.0,35.0
816.0,42.0
695.0,46.0
787.0,56.0
819.0,75.0
855.0,78.0
979.0,66.0
960.0,73.0
1118.0,68.0
1097.0,70.0
991.0,78.0
984.0,75.0
1120.0,69.0
1217.0,71.0
1208.0,75.0
1181.0,62.0
961.0,61.0
913.0,58.0
846.0,51.0
900.0,42.0
866.0,39.0
744.0,40.0
701.0,37.0
999.0,35.0
962.0,36.0
733.0,40.0
749.0,41.0
712.0,46.0
783.0,50.0
814.0,57.0
840.0,59.0
808.0,60.0
922.0,59.0
988.0,64.0
1116.0,64.0
1226.0,67.0
1191.0,65.0
1074.0,67.0
759.0,73.0
576.0,70.0
514.0,65.0
616.0,57.0
646.0,49.0
599.0,47.0
608.0,43.0
549.0,47.0
537.0,55.0
512.0,54.0
497.0,56.0
407.0,57.0
398.0,59.0
436.0,60.0
444.0,66.0
597.0,65.0
761.0,63.0
779.0,67.0
788.0,69.0
746.0,74.0
788.0,76.0
842.0,76.0
818.0,73.0
772.0,73.0
669.0,73.0
517.0,74.0
404.0,71.0
441.0,68.0
485.0,64.0
479.0,63.0
474.0,61.0
544.0,58.0
640.0,54.0
602.0,53.0
593.0,57.0
530.0,60.0
490.0,61.0
474.0,62.0
454.0,65.0
470.0,69.0
513.0,73.0
571.0,71.0
603.0,71.0
666.0,69.0
675.0,70.0
684.0,74.0
688.0,73.0
645.0,74.0
594.0,74.0
458.0,73.0
371.0,69.0
448.0,66.0
467.0,61.0
438.0,64.0
424.0,59.0
431.0,56.0
452.0,55.0
473.0,54.0
652.0,8.0
348.0,58.0
826.0,9.0
648.0,0.0
409.0,67.0
529.0,0.0
405.0,8.0
461.0,9.0
486.0,7.0
335.0,3.0
664.0,71.0
-200.0,4.0
754.0,69.0
149.0,3.0
203.0,5.0
332.0,9.0
446.0,6.0
524.0,6.0
347.0,5.0
634.0,47.0
404.0,2.0
-200.0,6.0
312.0,2.0
369.0,9.0
519.0,52.0
335.0,0.0
447.0,9.0
382.0,59.0
432.0,58.0
439.0,6.0
462.0,4.0
441.0,6.0
223.0,3.0
126.0,2.0
788.0,70.0
-200.0,8.0
849.0,71.0
198.0,7.0
770.0,69.0
425.0,8.0
465.0,4.0
341.0,3.0
316.0,6.0
241.0,5.0
266.0,4.0
412.0,0.0
394.0,8.0
365.0,4.0
548.0,9.0
494.0,2.0
686.0,3.0
556.0,3.0
467.0,3.0
297.0,3.0
164.0,2.0
196.0,3.0
201.0,4.0
132.0,9.0
800.0,70.0
-200.0,3.0
872.0,66.0
127.0,1.0
217.0,1.0
394.0,6.0
545.0,72.0
523.0,2.0
471.0,6.0
534.0,57.0
414.0,0.0
533.0,50.0
230.0,1.0
365.0,0.0
565.0,43.0
420.0,6.0
490.0,57.0
526.0,2.0
460.0,6.0
255.0,0.0
283.0,3.0
271.0,0.0
315.0,7.0
227.0,5.0
243.0,4.0
-200.0,3.0
731.0,73.0
139.0,0.0
182.0,3.0
196.0,5.0
108.0,0.0
175.0,1.0
266.0,4.0
179.0,6.0
154.0,0.0
95.0,3.0
151.0,8.0
667.0,48.0
670.0,44.0
306.0,0.0
472.0,9.0
532.0,7.0
375.0,8.0
147.0,2.0
118.0,2.0
181.0,4.0
209.0,9.0
167.0,9.0
112.0,5.0
-200.0,4.0
875.0,78.0
181.0,2.0
253.0,8.0
521.0,0.0
649.0,3.0
516.0,7.0
487.0,5.0
524.0,66.0
565.0,0.0
451.0,59.0
568.0,5.0
605.0,6.0
392.0,62.0
814.0,7.0
860.0,0.0
352.0,68.0
742.0,3.0
492.0,5.0
464.0,7.0
258.0,5.0
311.0,0.0
231.0,8.0
822.0,78.0
820.0,79.0
897.0,77.0
138.0,8.0
228.0,7.0
572.0,75.0
581.0,3.0
545.0,7.0
593.0,3.0
602.0,1.0
624.0,6.0
484.0,47.0
597.0,9.0
688.0,9.0
760.0,0.0
918.0,2.0
952.0,5.0
685.0,2.0
468.0,58.0
239.0,0.0
175.0,8.0
169.0,7.0
685.0,80.0
115.0,4.0
94.0,4.0
-200.0,2.0
946.0,81.0
132.0,8.0
295.0,6.0
517.0,0.0
555.0,0.0
429.0,2.0
561.0,7.0
427.0,0.0
445.0,7.0
538.0,5.0
556.0,5.0
370.0,6.0
257.0,9.0
266.0,0.0
403.0,2.0
275.0,3.0
338.0,2.0
176.0,8.0
159.0,6.0
147.0,0.0
99.0,9.0
878.0,76.0
109.0,8.0
-200.0,8.0
936.0,79.0
163.0,2.0
326.0,5.0
640.0,7.0
736.0,0.0
667.0,7.0
677.0,6.0
425.0,4.0
349.0,6.0
332.0,6.0
412.0,4.0
631.0,7.0
446.0,61.0
761.0,8.0
650.0,3.0
262.0,7.0
292.0,4.0
177.0,1.0
890.0,60.0
127.0,1.0
925.0,64.0
83.0,2.0
65.0,4.0
-200.0,7.0
1010.0,76.0
200.0,5.0
242.0,3.0
366.0,2.0
404.0,8.0
566.0,61.0
169.0,5.0
419.0,8.0
603.0,2.0
589.0,2.0
706.0,7.0
592.0,2.0
305.0,1.0
371.0,2.0
465.0,0.0
390.0,3.0
227.0,9.0
284.0,3.0
211.0,1.0
297.0,3.0
351.0,3.0
259.0,9.0
214.0,9.0
-200.0,8.0
826.0,79.0
857.0,79.0
237.0,8.0
413.0,8.0
455.0,9.0
592.0,79.0
482.0,0.0
521.0,64.0
481.0,4.0
406.0,6.0
419.0,6.0
387.0,5.0
461.0,9.0
493.0,3.0
532.0,6.0
581.0,2.0
551.0,65.0
392.0,4.0
311.0,1.0
236.0,5.0
757.0,70.0
199.0,7.0
146.0,7.0
905.0,68.0
1035.0,74.0
55.0,9.0
43.0,1.0
46.0,4.0
139.0,6.0
169.0,3.0
254.0,2.0
303.0,0.0
717.0,57.0
226.0,0.0
161.0,9.0
182.0,2.0
289.0,0.0
340.0,4.0
544.0,7.0
543.0,2.0
501.0,8.0
521.0,0.0
352.0,7.0
321.0,9.0
318.0,1.0
338.0,1.0
353.0,6.0
559.0,75.0
540.0,77.0
279.0,4.0
200.0,2.0
180.0,4.0
213.0,1.0
266.0,3.0
247.0,1.0
326.0,1.0
319.0,8.0
320.0,7.0
174.0,1.0
664.0,66.0
376.0,8.0
496.0,2.0
510.0,72.0
465.0,7.0
407.0,3.0
412.0,4.0
403.0,6.0
357.0,3.0
259.0,4.0
227.0,2.0
147.0,9.0
-200.0,5.0
1069.0,74.0
96.0,6.0
73.0,9.0
309.0,1.0
607.0,1.0
562.0,8.0
560.0,6.0
844.0,1.0
667.0,0.0
583.0,7.0
726.0,5.0
674.0,2.0
544.0,4.0
715.0,4.0
789.0,0.0
359.0,65.0
859.0,9.0
668.0,2.0
454.0,3.0
337.0,2.0
127.0,4.0
281.0,0.0
252.0,5.0
-200.0,2.0
985.0,74.0
69.0,8.0
151.0,9.0
231.0,0.0
297.0,8.0
515.0,3.0
499.0,7.0
445.0,6.0
464.0,2.0
298.0,3.0
266.0,6.0
323.0,3.0
352.0,6.0
372.0,1.0
383.0,8.0
455.0,3.0
355.0,4.0
267.0,7.0
308.0,5.0
313.0,5.0
216.0,7.0
137.0,3.0
140.0,6.0
-200.0,8.0
94.0,8.0
79.0,1.0
156.0,8.0
153.0,0.0
464.0,0.0
435.0,8.0
462.0,56.0
517.0,48.0
545.0,49.0
507.0,47.0
478.0,42.0
467.0,43.0
457.0,45.0
340.0,53.0
1014.0,1.0
633.0,2.0
485.0,1.0
480.0,0.0
572.0,1.0
345.0,8.0
195.0,5.0
213.0,4.0
216.0,8.0
-200.0,9.0
73.0,5.0
67.0,9.0
96.0,1.0
162.0,1.0
583.0,70.0
725.0,5.0
658.0,6.0
710.0,7.0
445.0,8.0
455.0,7.0
524.0,0.0
527.0,2.0
435.0,43.0
1001.0,0.0
359.0,60.0
370.0,3.0
348.0,0.0
361.0,1.0
255.0,1.0
162.0,8.0
166.0,6.0
247.0,1.0
255.0,5.0
-200.0,4.0
129.0,6.0
83.0,0.0
114.0,9.0
233.0,0.0
448.0,6.0
455.0,9.0
254.0,4.0
313.0,0.0
490.0,4.0
496.0,7.0
514.0,7.0
454.0,0.0
507.0,4.0
474.0,8.0
404.0,1.0
356.0,0.0
345.0,5.0
395.0,5.0
249.0,1.0
197.0,8.0
224.0,0.0
737.0,60.0
177.0,5.0
-200.0,1.0
980.0,52.0
64.0,1.0
44.0,5.0
53.0,1.0
94.0,9.0
100.0,5.0
98.0,6.0
115.0,0.0
1083.0,35.0
1091.0,33.0
55.0,5.0
59.0,2.0
95.0,8.0
107.0,0.0
189.0,8.0
386.0,4.0
412.0,1.0
342.0,4.0
255.0,7.0
89.0,9.0
106.0,2.0
109.0,6.0
67.0,1.0
-200.0,5.0
13.0,3.0
20.0,8.0
33.0,9.0
146.0,8.0
359.0,7.0
322.0,9.0
293.0,1.0
255.0,4.0
233.0,0.0
220.0,4.0
246.0,1.0
272.0,5.0
358.0,1.0
514.0,0.0
742.0,3.0
-200.0,6.0
566.0,57.0
679.0,60.0
816.0,59.0
855.0,61.0
940.0,63.0
1032.0,62.0
1088.0,67.0
1224.0,68.0
1296.0,71.0
1238.0,73.0
1099.0,76.0
873.0,76.0
575.0,70.0
550.0,62.0
588.0,59.0
548.0,48.0
727.0,46.0
733.0,42.0
669.0,42.0
-200.0,6.0
-200.0,8.0
-200.0,0.0
-200.0,3.0
-200.0,6.0
-200.0,8.0
748.0,81.0
-200.0,3.0
-200.0,5.0
-200.0,5.0
-200.0,9.0
-200.0,3.0
-200.0,9.0
32.0,0.0
29.0,1.0
48.0,3.0
113.0,7.0
267.0,1.0
760.0,73.0
354.0,9.0
316.0,8.0
395.0,0.0
391.0,5.0
457.0,5.0
448.0,4.0
543.0,1.0
574.0,8.0
435.0,6.0
504.0,6.0
586.0,0.0
580.0,3.0
346.0,5.0
531.0,2.0
477.0,7.0
344.0,3.0
219.0,2.0
-200.0,1.0
174.0,6.0
165.0,5.0
250.0,3.0
388.0,9.0
758.0,2.0
1247.0,9.0
1110.0,2.0
1145.0,2.0
628.0,76.0
557.0,5.0
678.0,2.0
659.0,5.0
552.0,2.0
395.0,5.0
573.0,6.0
463.0,0.0
568.0,9.0
706.0,1.0
193.0,3.0
151.0,7.0
167.0,9.0
239.0,9.0
102.0,1.0
-200.0,1.0
1213.0,64.0
71.0,7.0
79.0,9.0
117.0,1.0
266.0,0.0
741.0,66.0
257.0,9.0
311.0,3.0
279.0,9.0
730.0,55.0
310.0,4.0
352.0,7.0
337.0,8.0
358.0,0.0
575.0,60.0
600.0,7.0
470.0,5.0
522.0,8.0
208.0,7.0
205.0,9.0
217.0,6.0
216.0,6.0
1037.0,59.0
-200.0,7.0
174.0,6.0
927.0,59.0
904.0,61.0
140.0,1.0
421.0,9.0
350.0,6.0
550.0,9.0
589.0,1.0
537.0,3.0
473.0,5.0
364.0,5.0
270.0,5.0
368.0,8.0
318.0,2.0
244.0,3.0
234.0,7.0
296.0,2.0
205.0,9.0
95.0,0.0
93.0,3.0
100.0,9.0
100.0,4.0
63.0,4.0
-200.0,9.0
36.0,8.0
24.0,5.0
20.0,0.0
25.0,2.0
39.0,6.0
57.0,7.0
59.0,8.0
65.0,4.0
93.0,4.0
112.0,4.0
110.0,2.0
81.0,5.0
100.0,6.0
109.0,2.0
148.0,3.0
207.0,4.0
210.0,1.0
1678.0,41.0
109.0,4.0
128.0,3.0
96.0,9.0
65.0,6.0
42.0,7.0
-200.0,0.0
1768.0,39.0
28.0,4.0
55.0,4.0
181.0,5.0
871.0,37.0
442.0,1.0
361.0,6.0
288.0,8.0
330.0,4.0
300.0,5.0
239.0,7.0
265.0,6.0
287.0,5.0
403.0,5.0
691.0,28.0
446.0,6.0
685.0,32.0
355.0,0.0
217.0,6.0
180.0,3.0
167.0,3.0
1113.0,42.0
113.0,0.0
-200.0,2.0
37.0,1.0
50.0,7.0
96.0,2.0
271.0,1.0
892.0,1.0
1071.0,3.0
839.0,5.0
713.0,5.0
498.0,2.0
389.0,3.0
457.0,1.0
425.0,9.0
483.0,6.0
604.0,7.0
648.0,8.0
427.0,6.0
461.0,4.0
436.0,8.0
300.0,7.0
277.0,2.0
196.0,5.0
277.0,7.0
131.0,4.0
-200.0,9.0
97.0,2.0
105.0,8.0
138.0,7.0
183.0,9.0
664.0,3.0
611.0,5.0
600.0,4.0
593.0,39.0
878.0,3.0
905.0,7.0
808.0,5.0
557.0,32.0
839.0,3.0
1290.0,0.0
748.0,7.0
1148.0,0.0
729.0,4.0
810.0,7.0
427.0,5.0
274.0,7.0
387.0,8.0
235.0,8.0
852.0,65.0
-200.0,5.0
185.0,4.0
212.0,9.0
358.0,1.0
531.0,8.0
992.0,7.0
1132.0,9.0
1195.0,4.0
1120.0,4.0
870.0,8.0
570.0,3.0
384.0,8.0
381.0,4.0
541.0,3.0
484.0,6.0
549.0,3.0
596.0,8.0
620.0,6.0
542.0,3.0
381.0,9.0
270.0,9.0
284.0,7.0
204.0,1.0
93.0,5.0
-200.0,9.0
51.0,7.0
45.0,7.0
1126.0,55.0
198.0,5.0
633.0,7.0
548.0,2.0
588.0,1.0
612.0,0.0
428.0,6.0
463.0,3.0
479.0,8.0
574.0,52.0
583.0,3.0
760.0,7.0
691.0,3.0
832.0,2.0
881.0,2.0
390.0,2.0
207.0,4.0
204.0,8.0
243.0,2.0
264.0,0.0
215.0,8.0
-200.0,4.0
1278.0,22.0
92.0,0.0
174.0,7.0
294.0,9.0
769.0,44.0
573.0,2.0
661.0,9.0
555.0,8.0
363.0,8.0
302.0,7.0
340.0,7.0
306.0,8.0
377.0,3.0
625.0,5.0
870.0,1.0
421.0,2.0
294.0,5.0
339.0,0.0
260.0,6.0
256.0,1.0
572.0,2.0
428.0,9.0
195.0,3.0
-200.0,2.0
160.0,1.0
101.0,1.0
97.0,5.0
1051.0,61.0
227.0,3.0
253.0,2.0
234.0,2.0
291.0,3.0
402.0,9.0
492.0,2.0
351.0,3.0
160.0,2.0
292.0,9.0
537.0,1.0
607.0,7.0
308.0,1.0
277.0,8.0
348.0,1.0
267.0,9.0
810.0,50.0
163.0,6.0
795.0,55.0
212.0,3.0
-200.0,7.0
1146.0,54.0
1127.0,60.0
201.0,7.0
333.0,5.0
733.0,9.0
846.0,4.0
801.0,2.0
884.0,8.0
784.0,3.0
490.0,49.0
953.0,0.0
980.0,3.0
1058.0,5.0
459.0,52.0
1301.0,9.0
1345.0,1.0
1218.0,9.0
884.0,5.0
650.0,5.0
444.0,7.0
370.0,9.0
349.0,0.0
287.0,0.0
-200.0,8.0
776.0,81.0
238.0,2.0
316.0,5.0
508.0,9.0
920.0,5.0
980.0,9.0
1188.0,7.0
478.0,72.0
999.0,3.0
955.0,8.0
1189.0,9.0
933.0,2.0
898.0,2.0
1201.0,6.0
1369.0,2.0
1389.0,4.0
1358.0,5.0
1189.0,4.0
866.0,0.0
482.0,82.0
715.0,1.0
558.0,0.0
467.0,4.0
-200.0,6.0
295.0,6.0
947.0,77.0
907.0,79.0
380.0,5.0
717.0,8.0
803.0,3.0
726.0,1.0
558.0,3.0
711.0,58.0
695.0,56.0
436.0,4.0
490.0,6.0
602.0,7.0
732.0,3.0
865.0,8.0
936.0,2.0
1074.0,1.0
812.0,0.0
773.0,6.0
761.0,7.0
538.0,84.0
547.0,83.0
666.0,83.0
-200.0,1.0
456.0,3.0
486.0,0.0
724.0,84.0
585.0,0.0
537.0,81.0
845.0,7.0
807.0,0.0
603.0,6.0
391.0,6.0
696.0,43.0
358.0,4.0
403.0,8.0
465.0,8.0
558.0,41.0
660.0,8.0
402.0,3.0
350.0,5.0
355.0,7.0
743.0,61.0
266.0,9.0
373.0,3.0
417.0,1.0
308.0,9.0
-200.0,1.0
757.0,77.0
196.0,0.0
864.0,77.0
393.0,3.0
864.0,0.0
960.0,6.0
1056.0,4.0
543.0,59.0
522.0,57.0
854.0,5.0
949.0,8.0
932.0,8.0
1071.0,7.0
1134.0,5.0
1389.0,5.0
866.0,6.0
947.0,1.0
1155.0,6.0
798.0,8.0
696.0,4.0
654.0,0.0
685.0,7.0
574.0,4.0
-200.0,9.0
319.0,9.0
821.0,75.0
320.0,3.0
439.0,8.0
398.0,7.0
637.0,4.0
699.0,8.0
699.0,1.0
853.0,70.0
743.0,4.0
745.0,6.0
741.0,3.0
765.0,4.0
632.0,6.0
808.0,2.0
703.0,0.0
764.0,3.0
667.0,7.0
355.0,8.0
359.0,2.0
327.0,6.0
289.0,8.0
790.0,78.0
138.0,3.0
1010.0,74.0
60.0,2.0
62.0,9.0
73.0,5.0
1056.0,77.0
166.0,6.0
98.0,7.0
153.0,1.0
307.0,8.0
416.0,1.0
346.0,6.0
252.0,4.0
326.0,3.0
490.0,2.0
452.0,6.0
542.0,9.0
605.0,4.0
577.0,3.0
491.0,4.0
492.0,5.0
658.0,78.0
283.0,9.0
280.0,8.0
-200.0,5.0
156.0,9.0
166.0,8.0
225.0,7.0
707.0,83.0
760.0,6.0
948.0,3.0
1044.0,8.0
1172.0,9.0
564.0,63.0
366.0,6.0
346.0,6.0
289.0,4.0
316.0,9.0
238.0,0.0
267.0,7.0
182.0,3.0
197.0,8.0
149.0,5.0
124.0,3.0
1472.0,61.0
109.0,6.0
169.0,8.0
124.0,2.0
-200.0,6.0
50.0,8.0
47.0,6.0
110.0,5.0
193.0,8.0
475.0,3.0
420.0,0.0
439.0,7.0
461.0,0.0
897.0,65.0
232.0,9.0
241.0,9.0
278.0,3.0
496.0,6.0
464.0,6.0
600.0,9.0
692.0,6.0
731.0,5.0
491.0,7.0
284.0,6.0
245.0,6.0
273.0,8.0
157.0,1.0
117.0,1.0
-200.0,7.0
2061.0,81.0
100.0,3.0
135.0,9.0
301.0,7.0
641.0,0.0
1104.0,78.0
861.0,4.0
629.0,0.0
737.0,8.0
1249.0,65.0
933.0,7.0
1143.0,73.0
987.0,7.0
985.0,3.0
1040.0,3.0
1401.0,72.0
279.0,8.0
280.0,3.0
280.0,1.0
1648.0,83.0
316.0,6.0
223.0,7.0
180.0,7.0
-200.0,9.0
131.0,0.0
101.0,0.0
189.0,4.0
336.0,5.0
804.0,9.0
444.0,70.0
745.0,3.0
685.0,4.0
639.0,9.0
668.0,4.0
469.0,0.0
605.0,2.0
490.0,62.0
774.0,7.0
1001.0,8.0
1184.0,4.0
1020.0,4.0
964.0,3.0
741.0,1.0
757.0,2.0
564.0,1.0
434.0,4.0
308.0,1.0
-200.0,1.0
133.0,0.0
103.0,9.0
178.0,8.0
289.0,8.0
736.0,7.0
416.0,83.0
897.0,6.0
596.0,8.0
555.0,72.0
495.0,8.0
460.0,9.0
445.0,8.0
618.0,0.0
858.0,7.0
634.0,5.0
575.0,7.0
738.0,0.0
739.0,6.0
606.0,75.0
542.0,1.0
577.0,6.0
568.0,8.0
451.0,1.0
-200.0,6.0
779.0,79.0
277.0,4.0
291.0,5.0
277.0,4.0
510.0,3.0
451.0,2.0
584.0,2.0
260.0,4.0
492.0,0.0
580.0,8.0
373.0,9.0
497.0,9.0
413.0,3.0
444.0,7.0
533.0,1.0
325.0,1.0
439.0,4.0
506.0,8.0
766.0,75.0
235.0,5.0
378.0,0.0
808.0,77.0
180.0,3.0
1034.0,69.0
1033.0,67.0
106.0,7.0
87.0,5.0
96.0,4.0
120.0,2.0
130.0,1.0
1001.0,64.0
176.0,0.0
209.0,0.0
309.0,0.0
226.0,4.0
246.0,0.0
208.0,5.0
154.0,3.0
275.0,0.0
880.0,75.0
237.0,5.0
225.0,6.0
1025.0,69.0
1012.0,64.0
1094.0,62.0
125.0,3.0
150.0,3.0
-200.0,7.0
78.0,9.0
108.0,8.0
181.0,0.0
302.0,2.0
587.0,7.0
712.0,4.0
698.0,9.0
576.0,5.0
438.0,4.0
562.0,4.0
467.0,5.0
323.0,3.0
391.0,7.0
379.0,3.0
387.0,4.0
571.0,60.0
349.0,5.0
337.0,3.0
245.0,6.0
236.0,6.0
191.0,0.0
273.0,0.0
211.0,1.0
-200.0,6.0
1074.0,71.0
126.0,4.0
146.0,1.0
985.0,64.0
450.0,7.0
499.0,5.0
574.0,5.0
679.0,9.0
572.0,4.0
733.0,49.0
455.0,4.0
818.0,47.0
356.0,7.0
350.0,5.0
359.0,4.0
358.0,2.0
289.0,9.0
359.0,5.0
355.0,5.0
244.0,6.0
194.0,0.0
176.0,7.0
170.0,3.0
-200.0,3.0
212.0,6.0
990.0,71.0
177.0,8.0
917.0,71.0
985.0,66.0
184.0,2.0
310.0,1.0
363.0,3.0
302.0,0.0
424.0,3.0
258.0,3.0
179.0,7.0
221.0,4.0
303.0,2.0
429.0,2.0
357.0,5.0
438.0,6.0
457.0,9.0
355.0,7.0
348.0,8.0
241.0,2.0
1035.0,65.0
94.0,7.0
-200.0,2.0
33.0,8.0
33.0,4.0
57.0,5.0
112.0,6.0
358.0,0.0
1113.0,56.0
263.0,3.0
282.0,7.0
286.0,5.0
259.0,9.0
265.0,2.0
249.0,2.0
268.0,6.0
226.0,8.0
301.0,6.0
388.0,1.0
285.0,5.0
197.0,4.0
105.0,3.0
88.0,0.0
92.0,9.0
88.0,7.0
90.0,7.0
-200.0,8.0
2331.0,35.0
31.0,0.0
51.0,7.0
100.0,5.0
315.0,3.0
417.0,9.0
328.0,4.0
304.0,2.0
300.0,1.0
306.0,1.0
342.0,8.0
324.0,1.0
327.0,6.0
404.0,0.0
675.0,23.0
539.0,7.0
460.0,8.0
386.0,7.0
202.0,8.0
1122.0,23.0
261.0,4.0
263.0,5.0
159.0,9.0
-200.0,7.0
111.0,5.0
104.0,5.0
933.0,47.0
243.0,3.0
356.0,2.0
429.0,7.0
518.0,4.0
460.0,4.0
389.0,8.0
362.0,3.0
337.0,9.0
254.0,4.0
281.0,8.0
369.0,1.0
350.0,9.0
826.0,24.0
340.0,2.0
443.0,3.0
737.0,45.0
372.0,8.0
685.0,54.0
360.0,1.0
401.0,8.0
832.0,58.0
273.0,4.0
199.0,6.0
177.0,2.0
206.0,8.0
323.0,0.0
780.0,66.0
420.0,4.0
333.0,6.0
395.0,4.0
478.0,1.0
470.0,0.0
508.0,5.0
596.0,2.0
491.0,45.0
968.0,2.0
658.0,6.0
409.0,3.0
345.0,6.0
230.0,6.0
285.0,7.0
310.0,9.0
961.0,59.0
213.0,7.0
-200.0,9.0
1326.0,64.0
91.0,4.0
178.0,4.0
351.0,6.0
587.0,4.0
475.0,3.0
576.0,6.0
920.0,0.0
710.0,7.0
696.0,9.0
744.0,0.0
743.0,0.0
801.0,0.0
1014.0,1.0
1479.0,6.0
1018.0,7.0
729.0,5.0
508.0,6.0
665.0,66.0
327.0,0.0
339.0,6.0
687.0,74.0
377.0,9.0
920.0,70.0
165.0,8.0
145.0,6.0
282.0,0.0
494.0,0.0
606.0,9.0
581.0,6.0
920.0,3.0
811.0,7.0
786.0,9.0
677.0,0.0
612.0,1.0
524.0,7.0
775.0,8.0
1159.0,-200.0
1310.0,-200.0
1037.0,-200.0
791.0,-200.0
670.0,-200.0
341.0,-200.0
365.0,-200.0
510.0,-200.0
352.0,-200.0
299.0,-200.0
-200.0,-200.0
103.0,-200.0
133.0,-200.0
-200.0,-200.0
222.0,-200.0
591.0,-200.0
821.0,-200.0
803.0,-200.0
809.0,-200.0
836.0,-200.0
-200.0,-200.0
861.0,-200.0
-200.0,-200.0
933.0,-200.0
1237.0,-200.0
1137.0,-200.0
484.0,-200.0
325.0,-200.0
292.0,-200.0
303.0,-200.0
242.0,-200.0
314.0,-200.0
-200.0,-200.0
224.0,-200.0
-200.0,-200.0
-200.0,-200.0
-200.0,-200.0
-200.0,-200.0
398.0,-200.0
763.0,-200.0
905.0,-200.0
849.0,-200.0
1015.0,-200.0
845.0,-200.0
740.0,-200.0
1018.0,-200.0
1058.0,-200.0
1182.0,-200.0
1089.0,-200.0
1186.0,-200.0
1235.0,-200.0
1253.0,-200.0
1237.0,-200.0
1060.0,-200.0
873.0,-200.0
807.0,-200.0
798.0,-200.0
691.0,-200.0
-200.0,-200.0
433.0,-200.0
371.0,-200.0
-200.0,-200.0
658.0,-200.0
854.0,-200.0
1005.0,-200.0
-200.0,-200.0
963.0,-200.0
635.0,-200.0
521.0,-200.0
613.0,-200.0
516.0,-200.0
446.0,-200.0
499.0,-200.0
407.0,-200.0
418.0,-200.0
403.0,3.0
412.0,2.0
322.0,6.0
200.0,6.0
244.0,9.0
199.0,1.0
190.0,4.0
-200.0,2.0
858.0,76.0
215.0,8.0
842.0,77.0
225.0,0.0
416.0,4.0
613.0,3.0
567.0,6.0
409.0,1.0
1062.0,19.0
140.0,9.0
133.0,3.0
115.0,0.0
157.0,9.0
149.0,2.0
219.0,4.0
424.0,9.0
659.0,1.0
727.0,1.0
908.0,23.0
414.0,4.0
600.0,9.0
596.0,6.0
225.0,4.0
1014.0,44.0
1107.0,46.0
1044.0,53.0
83.0,8.0
156.0,2.0
1034.0,59.0
1067.0,55.0
224.0,0.0
386.0,8.0
397.0,0.0
477.0,4.0
658.0,73.0
453.0,8.0
459.0,7.0
452.0,7.0
579.0,7.0
542.0,2.0
601.0,5.0
521.0,8.0
411.0,2.0
382.0,6.0
421.0,8.0
362.0,2.0
104.0,7.0
-200.0,5.0
69.0,3.0
41.0,8.0
46.0,6.0
1069.0,55.0
295.0,4.0
311.0,5.0
269.0,9.0
225.0,2.0
220.0,6.0
216.0,6.0
162.0,7.0
152.0,4.0
183.0,8.0
254.0,9.0
355.0,4.0
341.0,0.0
765.0,37.0
342.0,8.0
186.0,3.0
170.0,4.0
169.0,1.0
246.0,4.0
63.0,6.0
-200.0,6.0
44.0,3.0
54.0,7.0
176.0,3.0
236.0,9.0
613.0,1.0
755.0,5.0
460.0,4.0
280.0,9.0
322.0,8.0
349.0,7.0
297.0,5.0
353.0,9.0
316.0,8.0
348.0,9.0
445.0,6.0
457.0,9.0
516.0,5.0
732.0,42.0
449.0,9.0
289.0,8.0
268.0,8.0
343.0,6.0
222.0,3.0
-200.0,1.0
1391.0,44.0
89.0,2.0
103.0,7.0
254.0,5.0
782.0,53.0
638.0,8.0
492.0,8.0
413.0,3.0
364.0,0.0
299.0,3.0
342.0,8.0
309.0,8.0
367.0,6.0
357.0,1.0
345.0,8.0
483.0,4.0
480.0,9.0
427.0,1.0
504.0,8.0
248.0,5.0
916.0,44.0
210.0,3.0
292.0,0.0
-200.0,3.0
129.0,5.0
106.0,0.0
125.0,8.0
267.0,2.0
543.0,4.0
496.0,2.0
491.0,3.0
620.0,42.0
693.0,0.0
707.0,1.0
777.0,0.0
512.0,0.0
587.0,3.0
864.0,4.0
1089.0,0.0
1070.0,1.0
1220.0,2.0
1076.0,3.0
517.0,56.0
740.0,1.0
759.0,0.0
610.0,1.0
465.0,1.0
625.0,60.0
288.0,2.0
251.0,3.0
351.0,8.0
379.0,3.0
539.0,7.0
706.0,1.0
750.0,7.0
747.0,2.0
524.0,55.0
772.0,8.0
792.0,5.0
626.0,8.0
678.0,6.0
706.0,4.0
668.0,2.0
641.0,-200.0
649.0,-200.0
521.0,-200.0
487.0,-200.0
453.0,-200.0
567.0,4.0
527.0,6.0
503.0,5.0
-200.0,2.0
601.0,68.0
274.0,0.0
644.0,70.0
268.0,9.0
645.0,69.0
340.0,0.0
594.0,68.0
379.0,2.0
436.0,7.0
602.0,4.0
566.0,61.0
266.0,1.0
335.0,7.0
531.0,67.0
527.0,2.0
592.0,9.0
821.0,3.0
538.0,3.0
513.0,4.0
514.0,0.0
345.0,7.0
231.0,6.0
166.0,3.0
-200.0,7.0
61.0,8.0
49.0,7.0
54.0,9.0
78.0,7.0
136.0,5.0
198.0,4.0
211.0,6.0
942.0,72.0
277.0,8.0
267.0,9.0
981.0,57.0
68.0,8.0
186.0,6.0
321.0,6.0
343.0,5.0
550.0,3.0
598.0,7.0
390.0,8.0
877.0,77.0
193.0,0.0
316.0,2.0
199.0,5.0
134.0,6.0
-200.0,5.0
63.0,7.0
50.0,9.0
93.0,5.0
161.0,3.0
368.0,5.0
344.0,5.0
288.0,9.0
244.0,5.0
224.0,4.0
206.0,4.0
163.0,0.0
695.0,72.0
386.0,8.0
262.0,3.0
721.0,66.0
245.0,3.0
263.0,9.0
300.0,4.0
242.0,1.0
152.0,3.0
165.0,0.0
945.0,65.0
949.0,66.0
925.0,70.0
962.0,69.0
1266.0,62.0
1081.0,64.0
760.0,73.0
529.0,77.0
443.0,77.0
545.0,67.0
691.0,56.0
662.0,53.0
574.0,49.0
581.0,49.0
656.0,48.0
559.0,52.0
575.0,54.0
616.0,59.0
645.0,61.0
637.0,60.0
579.0,73.0
722.0,82.0
872.0,83.0
922.0,83.0
922.0,81.0
958.0,79.0
978.0,76.0
1198.0,75.0
1144.0,73.0
1019.0,70.0
1070.0,65.0
916.0,64.0
949.0,64.0
953.0,61.0
937.0,59.0
874.0,55.0
812.0,49.0
870.0,46.0
918.0,44.0
905.0,44.0
871.0,45.0
734.0,44.0
729.0,45.0
764.0,47.0
891.0,47.0
979.0,46.0
1033.0,45.0
1122.0,46.0
1057.0,45.0
1163.0,45.0
1210.0,44.0
1247.0,45.0
1226.0,45.0
1317.0,44.0
1243.0,43.0
852.0,43.0
828.0,42.0
920.0,35.0
973.0,34.0
961.0,31.0
965.0,30.0
983.0,32.0
1040.0,31.0
906.0,29.0
962.0,36.0
781.0,40.0
883.0,45.0
718.0,41.0
849.0,44.0
991.0,47.0
946.0,47.0
827.0,50.0
889.0,50.0
995.0,50.0
1241.0,46.0
1539.0,45.0
1568.0,49.0
1400.0,48.0
1221.0,47.0
1152.0,46.0
953.0,44.0
815.0,42.0
909.0,36.0
1002.0,30.0
899.0,29.0
885.0,31.0
991.0,28.0
907.0,27.0
818.0,30.0
883.0,34.0
933.0,33.0
919.0,32.0
915.0,32.0
845.0,37.0
882.0,38.0
848.0,40.0
215.0,3.0
300.0,9.0
-200.0,9.0
253.0,3.0
181.0,2.0
171.0,5.0
168.0,0.0
169.0,6.0
145.0,9.0
190.0,7.0
225.0,8.0
261.0,6.0
382.0,5.0
357.0,9.0
299.0,5.0
313.0,8.0
510.0,9.0
832.0,0.0
622.0,1.0
402.0,8.0
334.0,2.0
295.0,7.0
222.0,6.0
230.0,7.0
195.0,5.0
167.0,5.0
-200.0,1.0
148.0,2.0
123.0,1.0
148.0,4.0
143.0,1.0
180.0,1.0
226.0,3.0
254.0,1.0
372.0,6.0
379.0,0.0
478.0,3.0
344.0,3.0
258.0,5.0
474.0,4.0
438.0,9.0
451.0,9.0
473.0,9.0
560.0,3.0
470.0,-200.0
506.0,-200.0
482.0,-200.0
436.0,-200.0
472.0,-200.0
379.0,-200.0
-200.0,-200.0
-200.0,-200.0
155.0,-200.0
264.0,-200.0
366.0,-200.0
622.0,-200.0
551.0,-200.0
349.0,-200.0
285.0,-200.0
265.0,-200.0
222.0,-200.0
237.0,-200.0
294.0,-200.0
329.0,-200.0
487.0,-200.0
604.0,-200.0
728.0,-200.0
653.0,-200.0
509.0,-200.0
277.0,-200.0
268.0,-200.0
193.0,-200.0
167.0,-200.0
159.0,-200.0
-200.0,-200.0
89.0,-200.0
97.0,-200.0
182.0,-200.0
262.0,-200.0
561.0,-200.0
540.0,-200.0
480.0,-200.0
608.0,-200.0
584.0,-200.0
426.0,-200.0
397.0,-200.0
473.0,-200.0
369.0,-200.0
532.0,-200.0
498.0,-200.0
487.0,-200.0
629.0,-200.0
502.0,-200.0
381.0,-200.0
250.0,-200.0
266.0,-200.0
226.0,5.0
259.0,1.0
-200.0,1.0
260.0,9.0
242.0,6.0
267.0,5.0
411.0,9.0
670.0,6.0
830.0,1.0
845.0,8.0
992.0,2.0
1130.0,8.0
977.0,4.0
459.0,3.0
346.0,6.0
383.0,2.0
414.0,8.0
370.0,6.0
400.0,4.0
378.0,5.0
357.0,4.0
333.0,2.0
227.0,2.0
203.0,5.0
210.0,3.0
198.0,5.0
-200.0,6.0
960.0,64.0
89.0,7.0
101.0,4.0
104.0,3.0
192.0,4.0
237.0,1.0
211.0,4.0
230.0,9.0
240.0,6.0
295.0,3.0
243.0,5.0
196.0,3.0
237.0,2.0
274.0,6.0
352.0,5.0
488.0,0.0
426.0,5.0
376.0,6.0
237.0,0.0
199.0,5.0
164.0,0.0
142.0,8.0
142.0,0.0
-200.0,9.0
127.0,0.0
73.0,2.0
100.0,7.0
126.0,4.0
284.0,0.0
419.0,3.0
432.0,7.0
310.0,2.0
446.0,3.0
464.0,6.0
505.0,1.0
564.0,6.0
625.0,3.0
590.0,2.0
712.0,8.0
723.0,2.0
707.0,5.0
737.0,8.0
646.0,5.0
536.0,8.0
567.0,4.0
357.0,4.0
187.0,0.0
-200.0,2.0
169.0,9.0
184.0,4.0
205.0,7.0
213.0,1.0
415.0,7.0
583.0,8.0
462.0,9.0
387.0,6.0
414.0,5.0
440.0,8.0
516.0,4.0
495.0,9.0
643.0,3.0
725.0,0.0
683.0,5.0
681.0,2.0
833.0,6.0
514.0,3.0
371.0,5.0
213.0,1.0
242.0,0.0
241.0,5.0
218.0,2.0
-200.0,6.0
976.0,61.0
54.0,5.0
60.0,5.0
55.0,2.0
93.0,1.0
81.0,8.0
109.0,7.0
251.0,0.0
284.0,0.0
262.0,9.0
256.0,6.0
310.0,4.0
269.0,1.0
348.0,7.0
396.0,4.0
432.0,2.0
419.0,7.0
412.0,4.0
223.0,3.0
242.0,0.0
288.0,7.0
209.0,1.0
141.0,2.0
-200.0,8.0
66.0,9.0
64.0,4.0
105.0,0.0
303.0,3.0
620.0,8.0
590.0,1.0
592.0,8.0
698.0,1.0
482.0,7.0
575.0,0.0
548.0,4.0
498.0,1.0
479.0,1.0
420.0,1.0
378.0,0.0
340.0,8.0
399.0,4.0
449.0,2.0
374.0,0.0
244.0,7.0
256.0,0.0
212.0,2.0
146.0,4.0
-200.0,1.0
96.0,8.0
106.0,3.0
115.0,0.0
236.0,7.0
583.0,1.0
662.0,5.0
528.0,8.0
549.0,4.0
531.0,4.0
493.0,6.0
527.0,8.0
487.0,7.0
581.0,6.0
531.0,4.0
495.0,3.0
487.0,2.0
596.0,9.0
595.0,6.0
559.0,0.0
586.0,9.0
399.0,0.0
399.0,4.0
381.0,2.0
-200.0,5.0
807.0,71.0
183.0,0.0
357.0,2.0
479.0,8.0
852.0,7.0
822.0,9.0
910.0,9.0
800.0,8.0
758.0,0.0
647.0,7.0
431.0,1.0
491.0,7.0
476.0,8.0
538.0,6.0
621.0,3.0
728.0,1.0
716.0,1.0
782.0,0.0
550.0,7.0
377.0,0.0
391.0,4.0
433.0,5.0
287.0,4.0
-200.0,9.0
192.0,2.0
161.0,0.0
194.0,5.0
343.0,7.0
624.0,2.0
758.0,8.0
760.0,7.0
713.0,7.0
615.0,1.0
319.0,2.0
338.0,2.0
380.0,0.0
366.0,5.0
567.0,3.0
702.0,4.0
523.0,8.0
373.0,0.0
467.0,5.0
260.0,8.0
244.0,0.0
317.0,6.0
224.0,1.0
176.0,1.0
-200.0,7.0
103.0,1.0
367.0,3.0
326.0,3.0
374.0,7.0
756.0,8.0
690.0,9.0
754.0,0.0
750.0,3.0
590.0,2.0
525.0,0.0
406.0,3.0
360.0,2.0
448.0,9.0
733.0,3.0
847.0,2.0
765.0,9.0
715.0,3.0
716.0,2.0
235.0,3.0
198.0,7.0
293.0,4.0
356.0,9.0
285.0,8.0
-200.0,3.0
834.0,86.0
158.0,4.0
95.0,2.0
148.0,5.0
337.0,5.0
453.0,0.0
497.0,5.0
448.0,6.0
496.0,5.0
535.0,9.0
644.0,6.0
459.0,3.0
409.0,2.0
515.0,5.0
640.0,7.0
816.0,9.0
505.0,6.0
560.0,5.0
389.0,9.0
492.0,2.0
531.0,2.0
487.0,9.0
293.0,1.0
-200.0,0.0
219.0,7.0
198.0,5.0
166.0,7.0
255.0,9.0
312.0,7.0
236.0,1.0
172.0,0.0
138.0,7.0
121.0,1.0
143.0,9.0
114.0,4.0
107.0,3.0
176.0,0.0
180.0,3.0
212.0,4.0
331.0,3.0
369.0,1.0
274.0,7.0
199.0,0.0
248.0,6.0
197.0,4.0
147.0,0.0
135.0,4.0
-200.0,0.0
95.0,7.0
94.0,6.0
121.0,2.0
131.0,6.0
552.0,8.0
614.0,4.0
530.0,6.0
721.0,2.0
474.0,5.0
514.0,1.0
504.0,1.0
508.0,4.0
529.0,9.0
676.0,4.0
1216.0,2.0
1230.0,8.0
582.0,2.0
460.0,0.0
340.0,3.0
298.0,2.0
300.0,4.0
223.0,0.0
151.0,2.0
-200.0,3.0
1076.0,53.0
125.0,1.0
181.0,2.0
341.0,4.0
552.0,9.0
839.0,3.0
1049.0,6.0
796.0,5.0
999.0,1.0
1022.0,5.0
1023.0,5.0
1065.0,0.0
1098.0,2.0
1099.0,3.0
939.0,0.0
875.0,1.0
745.0,4.0
339.0,3.0
135.0,3.0
167.0,8.0
232.0,5.0
273.0,9.0
165.0,9.0
-200.0,9.0
75.0,8.0
53.0,7.0
72.0,0.0
130.0,6.0
265.0,0.0
314.0,1.0
194.0,4.0
180.0,3.0
181.0,3.0
193.0,6.0
263.0,0.0
176.0,4.0
168.0,2.0
170.0,7.0
234.0,9.0
256.0,6.0
257.0,0.0
317.0,2.0
135.0,8.0
159.0,8.0
186.0,7.0
102.0,6.0
75.0,5.0
-200.0,1.0
41.0,8.0
50.0,1.0
189.0,0.0
182.0,5.0
636.0,0.0
704.0,6.0
854.0,3.0
652.0,4.0
529.0,9.0
438.0,4.0
438.0,8.0
378.0,1.0
482.0,4.0
709.0,7.0
796.0,5.0
605.0,4.0
472.0,9.0
411.0,7.0
264.0,1.0
217.0,3.0
211.0,0.0
179.0,8.0
135.0,7.0
-200.0,9.0
757.0,65.0
284.0,5.0
357.0,9.0
469.0,4.0
766.0,2.0
875.0,9.0
800.0,3.0
815.0,3.0
841.0,2.0
827.0,1.0
402.0,8.0
415.0,1.0
435.0,5.0
570.0,4.0
530.0,1.0
617.0,0.0
983.0,4.0
1200.0,4.0
1028.0,9.0
797.0,1.0
977.0,3.0
811.0,3.0
757.0,1.0
-200.0,7.0
388.0,0.0
497.0,7.0
582.0,2.0
574.0,6.0
588.0,3.0
645.0,9.0
643.0,2.0
628.0,6.0
547.0,0.0
461.0,0.0
455.0,9.0
244.0,8.0
202.0,4.0
256.0,4.0
310.0,4.0
391.0,2.0
444.0,3.0
794.0,7.0
716.0,4.0
565.0,2.0
451.0,0.0
313.0,0.0
241.0,7.0
-200.0,7.0
224.0,2.0
82.0,6.0
89.0,7.0
93.0,1.0
134.0,5.0
189.0,1.0
292.0,0.0
326.0,8.0
397.0,1.0
371.0,9.0
305.0,1.0
328.0,3.0
281.0,9.0
168.0,1.0
183.0,7.0
217.0,4.0
245.0,4.0
154.0,3.0
141.0,8.0
210.0,2.0
140.0,9.0
191.0,0.0
248.0,0.0
-200.0,8.0
50.0,8.0
43.0,6.0
86.0,0.0
152.0,6.0
341.0,2.0
355.0,9.0
327.0,7.0
240.0,0.0
217.0,8.0
191.0,7.0
-200.0,9.0
256.0,7.0
287.0,6.0
278.0,9.0
302.0,8.0
259.0,3.0
221.0,9.0
142.0,6.0
93.0,4.0
71.0,1.0
66.0,9.0
49.0,7.0
29.0,5.0
-200.0,5.0
19.0,3.0
20.0,7.0
39.0,3.0
77.0,9.0
180.0,3.0
243.0,2.0
236.0,4.0
297.0,0.0
235.0,7.0
186.0,2.0
196.0,7.0
167.0,5.0
211.0,1.0
194.0,0.0
206.0,3.0
211.0,3.0
197.0,3.0
139.0,5.0
113.0,1.0
81.0,9.0
63.0,9.0
55.0,0.0
31.0,9.0
-200.0,0.0
20.0,3.0
17.0,7.0
42.0,8.0
90.0,6.0
227.0,3.0
250.0,5.0
219.0,3.0
211.0,5.0
189.0,3.0
180.0,3.0
197.0,9.0
198.0,6.0
203.0,7.0
188.0,8.0
294.0,1.0
302.0,3.0
261.0,9.0
232.0,7.0
154.0,6.0
120.0,0.0
117.0,2.0
108.0,5.0
97.0,1.0
-200.0,5.0
28.0,4.0
27.0,1.0
81.0,3.0
129.0,6.0
336.0,6.0
335.0,8.0
318.0,9.0
201.0,0.0
166.0,6.0
192.0,6.0
198.0,3.0
198.0,3.0
223.0,0.0
224.0,5.0
266.0,7.0
326.0,0.0
343.0,7.0
243.0,5.0
177.0,3.0
155.0,0.0
143.0,7.0
124.0,3.0
94.0,0.0
-200.0,5.0
56.0,6.0
58.0,0.0
105.0,1.0
122.0,1.0
274.0,2.0
342.0,1.0
296.0,3.0
279.0,6.0
325.0,5.0
222.0,4.0
279.0,7.0
248.0,2.0
193.0,4.0
256.0,-200.0
288.0,-200.0
300.0,-200.0
224.0,-200.0
219.0,-200.0
145.0,-200.0
115.0,-200.0
136.0,-200.0
107.0,-200.0
70.0,9.0
-200.0,6.0
37.0,4.0
33.0,0.0
43.0,4.0
73.0,6.0
125.0,4.0
154.0,7.0
140.0,5.0
150.0,9.0
139.0,6.0
135.0,1.0
152.0,4.0
121.0,7.0
122.0,4.0
167.0,0.0
165.0,3.0
190.0,1.0
176.0,8.0
196.0,1.0
103.0,9.0
91.0,8.0
119.0,9.0
147.0,8.0
101.0,2.0
-200.0,1.0
102.0,1.0
55.0,1.0
51.0,0.0
53.0,8.0
74.0,7.0
113.0,3.0
107.0,6.0
101.0,6.0
129.0,2.0
126.0,9.0
132.0,2.0
101.0,6.0
128.0,9.0
170.0,8.0
174.0,3.0
215.0,4.0
248.0,0.0
247.0,6.0
154.0,3.0
186.0,0.0
231.0,9.0
174.0,4.0
68.0,0.0
-200.0,0.0
39.0,7.0
39.0,4.0
54.0,7.0
158.0,7.0
350.0,7.0
-200.0,4.0
584.0,6.0
478.0,0.0
563.0,9.0
414.0,5.0
398.0,2.0
451.0,5.0
503.0,1.0
640.0,0.0
843.0,4.0
954.0,6.0
984.0,3.0
586.0,3.0
360.0,4.0
231.0,1.0
200.0,2.0
153.0,1.0
135.0,1.0
-200.0,7.0
196.0,5.0
208.0,8.0
241.0,0.0
417.0,2.0
896.0,1.0
966.0,7.0
878.0,4.0
985.0,8.0
1017.0,3.0
683.0,5.0
660.0,8.0
492.0,7.0
497.0,5.0
562.0,3.0
539.0,8.0
502.0,4.0
452.0,3.0
357.0,8.0
289.0,3.0
221.0,7.0
204.0,6.0
183.0,4.0
222.0,3.0
-200.0,4.0
210.0,3.0
185.0,7.0
257.0,6.0
297.0,5.0
573.0,7.0
883.0,8.0
824.0,8.0
693.0,7.0
714.0,7.0
388.0,7.0
337.0,7.0
326.0,1.0
329.0,5.0
465.0,2.0
612.0,5.0
759.0,9.0
771.0,2.0
655.0,7.0
332.0,8.0
287.0,9.0
242.0,5.0
242.0,9.0
192.0,4.0
-200.0,3.0
134.0,0.0
142.0,2.0
194.0,1.0
216.0,3.0
728.0,3.0
975.0,1.0
947.0,1.0
790.0,5.0
551.0,5.0
565.0,2.0
532.0,5.0
459.0,9.0
407.0,7.0
434.0,7.0
980.0,2.0
966.0,3.0
646.0,3.0
471.0,3.0
528.0,3.0
378.0,5.0
235.0,0.0
217.0,1.0
141.0,7.0
-200.0,9.0
158.0,0.0
87.0,9.0
194.0,8.0
401.0,8.0
887.0,3.0
654.0,4.0
566.0,7.0
649.0,1.0
309.0,0.0
229.0,5.0
312.0,9.0
276.0,1.0
236.0,3.0
312.0,4.0
345.0,1.0
386.0,1.0
356.0,7.0
467.0,1.0
287.0,3.0
239.0,0.0
266.0,5.0
261.0,9.0
223.0,1.0
-200.0,1.0
272.0,5.0
226.0,0.0
250.0,8.0
402.0,3.0
708.0,0.0
759.0,1.0
302.0,5.0
210.0,0.0
180.0,2.0
165.0,3.0
180.0,3.0
147.0,7.0
177.0,6.0
157.0,6.0
195.0,2.0
263.0,4.0
239.0,0.0
267.0,5.0
214.0,9.0
236.0,2.0
251.0,0.0
255.0,7.0
235.0,1.0
-200.0,6.0
129.0,8.0
95.0,2.0
95.0,0.0
100.0,6.0
110.0,8.0
149.0,3.0
197.0,1.0
351.0,0.0
249.0,7.0
188.0,1.0
127.0,6.0
96.0,3.0
138.0,2.0
217.0,2.0
186.0,9.0
227.0,0.0
252.0,8.0
193.0,8.0
158.0,4.0
150.0,1.0
130.0,8.0
104.0,5.0
86.0,3.0
-200.0,9.0
67.0,8.0
75.0,3.0
97.0,6.0
177.0,4.0
433.0,9.0
471.0,6.0
346.0,5.0
262.0,8.0
221.0,9.0
265.0,2.0
219.0,0.0
235.0,2.0
227.0,0.0
285.0,5.0
291.0,7.0
295.0,8.0
243.0,2.0
209.0,1.0
147.0,1.0
117.0,2.0
105.0,9.0
84.0,0.0
51.0,1.0
-200.0,9.0
54.0,0.0
74.0,4.0
114.0,1.0
228.0,9.0
455.0,0.0
493.0,6.0
410.0,7.0
277.0,5.0
340.0,4.0
238.0,7.0
323.0,3.0
286.0,9.0
271.0,6.0
276.0,-200.0
295.0,-200.0
340.0,-200.0
275.0,-200.0
293.0,-200.0
157.0,-200.0
133.0,-200.0
120.0,-200.0
122.0,-200.0
80.0,-200.0
-200.0,-200.0
88.0,-200.0
109.0,-200.0
120.0,-200.0
233.0,-200.0
394.0,-200.0
424.0,-200.0
446.0,-200.0
266.0,-200.0
261.0,-200.0
220.0,-200.0
241.0,-200.0
208.0,-200.0
215.0,-200.0
257.0,-200.0
355.0,-200.0
415.0,-200.0
349.0,-200.0
254.0,-200.0
228.0,-200.0
156.0,-200.0
161.0,-200.0
123.0,-200.0
108.0,-200.0
-200.0,-200.0
95.0,-200.0
102.0,-200.0
178.0,-200.0
214.0,-200.0
492.0,-200.0
540.0,-200.0
604.0,-200.0
646.0,-200.0
418.0,-200.0
250.0,-200.0
226.0,-200.0
271.0,-200.0
288.0,-200.0
299.0,-200.0
534.0,-200.0
687.0,-200.0
1028.0,-200.0
605.0,-200.0
345.0,-200.0
255.0,-200.0
211.0,-200.0
190.0,-200.0
149.0,-200.0
-200.0,-200.0
107.0,-200.0
98.0,-200.0
183.0,-200.0
224.0,-200.0
589.0,-200.0
700.0,-200.0
747.0,-200.0
746.0,-200.0
702.0,-200.0
723.0,-200.0
872.0,-200.0
1054.0,-200.0
1218.0,-200.0
1227.0,-200.0
1061.0,-200.0
1075.0,-200.0
641.0,-200.0
490.0,5.0
550.0,3.0
422.0,1.0
541.0,8.0
599.0,3.0
490.0,0.0
-200.0,0.0
223.0,1.0
214.0,1.0
274.0,6.0
338.0,2.0
496.0,0.0
433.0,1.0
496.0,8.0
615.0,0.0
551.0,0.0
575.0,8.0
575.0,0.0
574.0,0.0
582.0,9.0
658.0,1.0
851.0,0.0
903.0,0.0
952.0,4.0
894.0,1.0
839.0,2.0
743.0,1.0
671.0,9.0
689.0,4.0
478.0,4.0
-200.0,6.0
345.0,9.0
373.0,5.0
324.0,3.0
341.0,1.0
424.0,7.0
522.0,5.0
492.0,0.0
492.0,1.0
204.0,3.0
142.0,7.0
118.0,5.0
126.0,9.0
115.0,4.0
137.0,1.0
212.0,5.0
354.0,8.0
331.0,9.0
141.0,7.0
228.0,5.0
228.0,8.0
203.0,9.0
215.0,1.0
142.0,8.0
-200.0,4.0
66.0,3.0
54.0,7.0
121.0,9.0
141.0,0.0
388.0,4.0
366.0,3.0
254.0,5.0
164.0,7.0
142.0,8.0
162.0,0.0
177.0,7.0
157.0,6.0
162.0,0.0
209.0,6.0
304.0,8.0
484.0,7.0
399.0,4.0
390.0,7.0
287.0,4.0
202.0,8.0
126.0,7.0
87.0,5.0
59.0,0.0
-200.0,1.0
31.0,9.0
28.0,9.0
64.0,1.0
123.0,0.0
363.0,1.0
416.0,5.0
286.0,4.0
198.0,3.0
216.0,8.0
211.0,3.0
199.0,0.0
161.0,9.0
218.0,1.0
252.0,5.0
337.0,4.0
357.0,5.0
410.0,9.0
445.0,2.0
314.0,4.0
366.0,6.0
336.0,3.0
387.0,2.0
320.0,4.0
-200.0,0.0
237.0,3.0
224.0,2.0
237.0,6.0
454.0,5.0
854.0,2.0
758.0,8.0
428.0,9.0
205.0,1.0
205.0,1.0
226.0,6.0
199.0,5.0
253.0,3.0
259.0,9.0
252.0,2.0
313.0,4.0
433.0,0.0
611.0,6.0
626.0,9.0
408.0,0.0
357.0,8.0
375.0,4.0
326.0,7.0
326.0,7.0
-200.0,8.0
72.0,7.0
49.0,9.0
59.0,9.0
220.0,4.0
602.0,6.0
485.0,7.0
295.0,1.0
217.0,0.0
236.0,7.0
196.0,3.0
233.0,9.0
207.0,9.0
198.0,0.0
212.0,3.0
280.0,4.0
315.0,6.0
378.0,4.0
320.0,4.0
265.0,9.0
129.0,1.0
129.0,9.0
172.0,8.0
100.0,3.0
-200.0,6.0
49.0,4.0
36.0,9.0
79.0,4.0
128.0,4.0
456.0,9.0
477.0,4.0
342.0,8.0
254.0,2.0
231.0,8.0
213.0,5.0
208.0,9.0
270.0,3.0
276.0,6.0
375.0,1.0
395.0,7.0
421.0,5.0
632.0,3.0
424.0,0.0
369.0,0.0
484.0,4.0
456.0,1.0
373.0,1.0
228.0,1.0
-200.0,2.0
117.0,3.0
108.0,9.0
126.0,9.0
235.0,9.0
339.0,6.0
399.0,1.0
346.0,1.0
407.0,2.0
393.0,4.0
166.0,2.0
157.0,8.0
141.0,4.0
144.0,8.0
191.0,5.0
255.0,6.0
379.0,9.0
427.0,4.0
509.0,7.0
459.0,1.0
293.0,3.0
269.0,4.0
244.0,5.0
293.0,8.0
-200.0,7.0
177.0,2.0
81.0,4.0
42.0,0.0
61.0,8.0
101.0,0.0
98.0,8.0
114.0,1.0
118.0,6.0
120.0,1.0
151.0,9.0
131.0,0.0
145.0,4.0
156.0,6.0
151.0,4.0
173.0,0.0
154.0,1.0
221.0,4.0
193.0,7.0
130.0,7.0
156.0,7.0
148.0,7.0
93.0,6.0
66.0,7.0
-200.0,5.0
38.0,0.0
50.0,9.0
77.0,3.0
183.0,2.0
256.0,1.0
355.0,6.0
491.0,8.0
387.0,2.0
384.0,7.0
368.0,1.0
258.0,1.0
231.0,9.0
290.0,0.0
335.0,3.0
293.0,8.0
526.0,4.0
607.0,5.0
326.0,6.0
188.0,6.0
163.0,4.0
102.0,3.0
95.0,4.0
71.0,9.0
-200.0,5.0
46.0,4.0
62.0,3.0
170.0,4.0
313.0,4.0
687.0,1.0
757.0,6.0
559.0,1.0
286.0,1.0
324.0,4.0
316.0,3.0
407.0,5.0
305.0,6.0
360.0,4.0
339.0,4.0
304.0,8.0
397.0,6.0
270.0,2.0
339.0,3.0
190.0,5.0
126.0,4.0
189.0,2.0
146.0,0.0
98.0,9.0
-200.0,5.0
75.0,2.0
77.0,1.0
72.0,2.0
152.0,5.0
337.0,4.0
360.0,3.0
243.0,1.0
277.0,8.0
266.0,9.0
317.0,1.0
375.0,7.0
349.0,6.0
377.0,4.0
403.0,9.0
422.0,8.0
388.0,8.0
431.0,6.0
425.0,2.0
391.0,3.0
231.0,2.0
248.0,2.0
142.0,1.0
117.0,0.0
-200.0,3.0
96.0,9.0
87.0,3.0
197.0,6.0
290.0,8.0
621.0,1.0
645.0,9.0
573.0,1.0
414.0,6.0
314.0,5.0
317.0,7.0
290.0,9.0
385.0,5.0
507.0,6.0
534.0,2.0
601.0,7.0
583.0,1.0
551.0,3.0
547.0,0.0
385.0,6.0
318.0,5.0
356.0,3.0
326.0,2.0
233.0,1.0
-200.0,0.0
116.0,0.0
120.0,0.0
228.0,2.0
303.0,3.0
-200.0,7.0
-200.0,2.0
529.0,3.0
615.0,8.0
298.0,0.0
317.0,9.0
305.0,5.0
253.0,5.0
296.0,6.0
293.0,3.0
353.0,2.0
399.0,6.0
454.0,8.0
356.0,3.0
473.0,2.0
482.0,1.0
443.0,7.0
373.0,0.0
320.0,4.0
-200.0,8.0
233.0,3.0
161.0,8.0
137.0,6.0
144.0,7.0
182.0,2.0
227.0,7.0
203.0,8.0
179.0,6.0
171.0,8.0
181.0,9.0
175.0,8.0
148.0,7.0
132.0,0.0
162.0,4.0
185.0,4.0
234.0,8.0
275.0,3.0
272.0,2.0
331.0,7.0
347.0,9.0
488.0,3.0
404.0,5.0
255.0,6.0
-200.0,5.0
174.0,8.0
108.0,7.0
107.0,6.0
188.0,4.0
225.0,5.0
208.0,7.0
270.0,8.0
202.0,2.0
168.0,6.0
191.0,3.0
149.0,0.0
101.0,8.0
134.0,3.0
150.0,9.0
188.0,8.0
254.0,0.0
324.0,5.0
238.0,6.0
128.0,5.0
169.0,3.0
215.0,0.0
111.0,0.0
60.0,0.0
-200.0,9.0
29.0,8.0
25.0,6.0
34.0,8.0
89.0,5.0
212.0,7.0
216.0,7.0
191.0,3.0
200.0,1.0
164.0,7.0
185.0,0.0
156.0,7.0
155.0,4.0
158.0,3.0
166.0,6.0
268.0,1.0
309.0,6.0
297.0,4.0
225.0,0.0
122.0,1.0
100.0,0.0
86.0,0.0
71.0,7.0
39.0,2.0
-200.0,1.0
29.0,1.0
32.0,3.0
37.0,6.0
134.0,6.0
358.0,2.0
354.0,6.0
284.0,8.0
213.0,1.0
174.0,3.0
157.0,1.0
178.0,2.0
187.0,3.0
198.0,1.0
186.0,9.0
203.0,9.0
313.0,8.0
342.0,4.0
310.0,8.0
165.0,6.0
152.0,3.0
141.0,2.0
122.0,0.0
79.0,1.0
-200.0,1.0
81.0,4.0
77.0,3.0
124.0,2.0
159.0,3.0
396.0,9.0
479.0,5.0
438.0,6.0
466.0,5.0
288.0,6.0
205.0,3.0
311.0,7.0
246.0,1.0
356.0,8.0
397.0,6.0
579.0,1.0
819.0,2.0
754.0,1.0
473.0,1.0
300.0,8.0
235.0,0.0
207.0,1.0
204.0,4.0
155.0,8.0
-200.0,6.0
179.0,4.0
143.0,9.0
212.0,8.0
263.0,9.0
648.0,8.0
717.0,9.0
389.0,3.0
438.0,6.0
282.0,6.0
268.0,3.0
248.0,1.0
272.0,0.0
291.0,3.0
363.0,3.0
660.0,6.0
907.0,9.0
639.0,3.0
574.0,3.0
373.0,6.0
330.0,4.0
336.0,3.0
347.0,1.0
241.0,9.0
-200.0,5.0
96.0,5.0
147.0,0.0
210.0,7.0
409.0,1.0
719.0,7.0
959.0,0.0
744.0,5.0
583.0,6.0
597.0,6.0
550.0,9.0
499.0,3.0
470.0,5.0
568.0,9.0
525.0,3.0
481.0,8.0
414.0,9.0
565.0,4.0
303.0,5.0
221.0,9.0
260.0,6.0
327.0,3.0
344.0,4.0
270.0,8.0
-200.0,9.0
191.0,4.0
136.0,2.0
194.0,1.0
168.0,6.0
254.0,0.0
410.0,0.0
166.0,0.0
162.0,0.0
188.0,0.0
199.0,3.0
272.0,4.0
180.0,5.0
255.0,0.0
251.0,6.0
258.0,6.0
344.0,5.0
380.0,8.0
464.0,2.0
304.0,5.0
258.0,5.0
358.0,8.0
278.0,0.0
116.0,2.0
-200.0,2.0
60.0,8.0
51.0,8.0
33.0,8.0
80.0,5.0
103.0,9.0
93.0,3.0
108.0,4.0
107.0,2.0
122.0,3.0
122.0,8.0
156.0,1.0
246.0,3.0
205.0,0.0
257.0,5.0
228.0,1.0
321.0,6.0
270.0,0.0
203.0,5.0
201.0,8.0
207.0,1.0
180.0,6.0
140.0,4.0
93.0,1.0
-200.0,3.0
35.0,2.0
47.0,5.0
68.0,2.0
131.0,6.0
289.0,9.0
322.0,9.0
330.0,6.0
339.0,6.0
316.0,6.0
218.0,2.0
177.0,0.0
278.0,7.0
313.0,7.0
351.0,4.0
374.0,9.0
431.0,9.0
468.0,1.0
368.0,0.0
239.0,2.0
292.0,9.0
205.0,0.0
255.0,5.0
220.0,0.0
-200.0,0.0
114.0,5.0
153.0,4.0
224.0,9.0
295.0,3.0
667.0,9.0
867.0,1.0
666.0,7.0
595.0,9.0
421.0,7.0
292.0,0.0
308.0,1.0
347.0,0.0
377.0,5.0
325.0,8.0
508.0,2.0
768.0,0.0
764.0,5.0
500.0,5.0
463.0,5.0
258.0,6.0
214.0,5.0
191.0,9.0
154.0,6.0
-200.0,7.0
113.0,8.0
167.0,3.0
235.0,0.0
372.0,0.0
877.0,3.0
900.0,7.0
733.0,3.0
691.0,5.0
457.0,5.0
369.0,7.0
285.0,1.0
279.0,3.0
198.0,6.0
229.0,0.0
477.0,6.0
679.0,8.0
682.0,5.0
679.0,6.0
298.0,7.0
265.0,3.0
196.0,8.0
155.0,5.0
131.0,1.0
-200.0,6.0
165.0,0.0
169.0,2.0
224.0,3.0
249.0,3.0
863.0,8.0
665.0,5.0
670.0,7.0
500.0,7.0
428.0,4.0
-200.0,8.0
306.0,1.0
334.0,5.0
268.0,2.0
284.0,8.0
393.0,5.0
603.0,5.0
757.0,8.0
684.0,5.0
426.0,5.0
254.0,3.0
227.0,7.0
221.0,8.0
155.0,7.0
120.0,7.0
134.0,4.0
128.0,9.0
148.0,5.0
233.0,8.0
470.0,3.0
679.0,1.0
796.0,1.0
812.0,-200.0
339.0,2.0
354.0,8.0
466.0,8.0
417.0,3.0
289.0,8.0
324.0,2.0
376.0,0.0
619.0,8.0
689.0,9.0
582.0,8.0
287.0,2.0
238.0,6.0
312.0,3.0
231.0,2.0
234.0,0.0
195.0,2.0
113.0,3.0
73.0,8.0
103.0,2.0
121.0,4.0
132.0,6.0
178.0,6.0
218.0,0.0
246.0,2.0
252.0,1.0
208.0,0.0
219.0,9.0
160.0,7.0
191.0,6.0
270.0,5.0
285.0,6.0
289.0,0.0
550.0,2.0
679.0,0.0
314.0,6.0
166.0,0.0
157.0,5.0
173.0,3.0
184.0,4.0
93.0,7.0
85.0,2.0
79.0,3.0
55.0,3.0
98.0,3.0
190.0,9.0
166.0,9.0
260.0,9.0
362.0,5.0
415.0,2.0
358.0,2.0
170.0,2.0
130.0,9.0
177.0,7.0
233.0,0.0
282.0,4.0
583.0,1.0
566.0,8.0
323.0,6.0
318.0,7.0
336.0,2.0
196.0,2.0
193.0,7.0
192.0,9.0
147.0,8.0
122.0,9.0
117.0,4.0
201.0,2.0
318.0,9.0
658.0,8.0
680.0,7.0
497.0,7.0
290.0,3.0
230.0,9.0
215.0,3.0
226.0,1.0
240.0,0.0
391.0,2.0
492.0,9.0
700.0,9.0
782.0,7.0
728.0,9.0
510.0,3.0
308.0,7.0
248.0,7.0
233.0,2.0
96.0,0.0
90.0,1.0
95.0,1.0
68.0,6.0
75.0,1.0
145.0,3.0
185.0,1.0
506.0,4.0
485.0,0.0
684.0,4.0
562.0,1.0
357.0,0.0
306.0,1.0
292.0,2.0
305.0,6.0
386.0,6.0
408.0,8.0
521.0,3.0
766.0,0.0
841.0,4.0
754.0,9.0
350.0,8.0
244.0,2.0
221.0,8.0
183.0,4.0
166.0,3.0
133.0,7.0
147.0,0.0
119.0,0.0
179.0,5.0
178.0,6.0
390.0,7.0
579.0,7.0
735.0,9.0
568.0,3.0
487.0,1.0
343.0,1.0
351.0,8.0
417.0,4.0
509.0,8.0
573.0,9.0
518.0,1.0
641.0,0.0
544.0,4.0
582.0,9.0
407.0,5.0
327.0,3.0
221.0,7.0
142.0,3.0
123.0,6.0
106.0,5.0
100.0,1.0
85.0,8.0
114.0,0.0
299.0,9.0
723.0,5.0
745.0,2.0
668.0,9.0
571.0,8.0
388.0,3.0
323.0,7.0
312.0,1.0
320.0,3.0
322.0,8.0
276.0,2.0
341.0,7.0
531.0,2.0
653.0,3.0
646.0,1.0
333.0,6.0
299.0,7.0
224.0,4.0
195.0,9.0
209.0,4.0
168.0,9.0
153.0,2.0
140.0,7.0
184.0,2.0
266.0,5.0
518.0,7.0
681.0,0.0
558.0,4.0
457.0,8.0
353.0,2.0
313.0,7.0
290.0,0.0
318.0,9.0
479.0,6.0
494.0,1.0
551.0,1.0
701.0,1.0
571.0,7.0
643.0,5.0
282.0,3.0
251.0,1.0
307.0,8.0
282.0,6.0
160.0,8.0
125.0,3.0
106.0,2.0
111.0,1.0
115.0,8.0
156.0,9.0
320.0,2.0
380.0,8.0
371.0,4.0
343.0,5.0
297.0,8.0
281.0,5.0
220.0,5.0
174.0,2.0
260.0,7.0
222.0,5.0
266.0,2.0
387.0,2.0
425.0,0.0
484.0,1.0
325.0,2.0
257.0,5.0
273.0,6.0
276.0,6.0
202.0,4.0
132.0,2.0
85.0,0.0
87.0,6.0
70.0,1.0
113.0,4.0
112.0,3.0
140.0,0.0
214.0,4.0
334.0,0.0
203.0,6.0
163.0,5.0
110.0,3.0
107.0,1.0
135.0,1.0
187.0,5.0
240.0,3.0
398.0,3.0
585.0,0.0
590.0,6.0
295.0,8.0
209.0,8.0
183.0,1.0
177.0,3.0
126.0,3.0
100.0,1.0
83.0,2.0
84.0,6.0
113.0,9.0
270.0,8.0
487.0,5.0
723.0,7.0
614.0,9.0
395.0,3.0
310.0,8.0
259.0,6.0
251.0,3.0
261.0,8.0
241.0,8.0
317.0,8.0
505.0,9.0
669.0,6.0
638.0,2.0
433.0,3.0
252.0,2.0
154.0,8.0
152.0,3.0
181.0,6.0
109.0,8.0
73.0,8.0
83.0,0.0
90.0,6.0
151.0,9.0
191.0,3.0
403.0,8.0
555.0,1.0
551.0,5.0
473.0,2.0
388.0,7.0
296.0,5.0
283.0,5.0
256.0,5.0
234.0,5.0
215.0,9.0
454.0,3.0
605.0,1.0
529.0,6.0
354.0,4.0
195.0,4.0
161.0,3.0
187.0,0.0
156.0,6.0
116.0,4.0
83.0,2.0
85.0,5.0
78.0,0.0
127.0,2.0
279.0,0.0
649.0,4.0
593.0,8.0
584.0,4.0
563.0,4.0
337.0,9.0
272.0,2.0
322.0,5.0
362.0,1.0
361.0,3.0
431.0,2.0
545.0,7.0
796.0,0.0
874.0,5.0
551.0,8.0
393.0,7.0
369.0,7.0
314.0,9.0
294.0,1.0
165.0,3.0
143.0,1.0
93.0,3.0
111.0,4.0
105.0,9.0
173.0,9.0
541.0,4.0
581.0,1.0
591.0,9.0
653.0,2.0
690.0,0.0
602.0,6.0
489.0,9.0
288.0,1.0
323.0,9.0
301.0,2.0
335.0,3.0
659.0,1.0
847.0,8.0
691.0,2.0
590.0,4.0
449.0,0.0
316.0,2.0
239.0,3.0
165.0,2.0
152.0,9.0
144.0,6.0
126.0,7.0
132.0,7.0
228.0,1.0
580.0,8.0
564.0,0.0
369.0,4.0
260.0,4.0
371.0,3.0
513.0,4.0
471.0,1.0
378.0,5.0
445.0,7.0
483.0,0.0
530.0,4.0
649.0,4.0
604.0,8.0
486.0,2.0
402.0,7.0
268.0,7.0
350.0,1.0
312.0,8.0
243.0,6.0
202.0,1.0
181.0,2.0
139.0,3.0
156.0,1.0
175.0,1.0
281.0,5.0
322.0,4.0
369.0,4.0
366.0,1.0
301.0,2.0
232.0,3.0
156.0,7.0
169.0,1.0
203.0,7.0
260.0,3.0
289.0,9.0
273.0,7.0
263.0,7.0
295.0,8.0
303.0,3.0
209.0,5.0
200.0,3.0
174.0,5.0
115.0,6.0
122.0,2.0
105.0,9.0
102.0,8.0
96.0,8.0
144.0,6.0
152.0,2.0
156.0,5.0
208.0,2.0
174.0,9.0
206.0,5.0
160.0,1.0
91.0,6.0
106.0,2.0
199.0,4.0
299.0,4.0
272.0,8.0
285.0,9.0
307.0,2.0
237.0,1.0
244.0,4.0
284.0,6.0
221.0,4.0
173.0,4.0
144.0,1.0
117.0,7.0
89.0,9.0
97.0,8.0
95.0,9.0
166.0,1.0
160.0,0.0
176.0,4.0
216.0,8.0
220.0,8.0
183.0,6.0
154.0,1.0
132.0,6.0
140.0,1.0
186.0,7.0
213.0,2.0
376.0,7.0
508.0,6.0
388.0,6.0
250.0,2.0
232.0,2.0
229.0,5.0
184.0,3.0
117.0,7.0
103.0,4.0
66.0,2.0
63.0,7.0
95.0,7.0
188.0,9.0
527.0,2.0
623.0,4.0
606.0,3.0
460.0,7.0
346.0,6.0
296.0,1.0
321.0,0.0
312.0,6.0
355.0,3.0
349.0,3.0
385.0,3.0
456.0,5.0
306.0,1.0
402.0,4.0
340.0,2.0
206.0,6.0
158.0,5.0
178.0,0.0
118.0,0.0
95.0,6.0
84.0,5.0
82.0,5.0
122.0,2.0
146.0,0.0
397.0,7.0
371.0,1.0
454.0,1.0
433.0,6.0
287.0,9.0
265.0,6.0
225.0,6.0
210.0,1.0
215.0,6.0
227.0,1.0
403.0,1.0
444.0,5.0
475.0,3.0
438.0,2.0
254.0,8.0
172.0,0.0
174.0,3.0
146.0,5.0
134.0,2.0
83.0,9.0
81.0,1.0
73.0,9.0
104.0,3.0
191.0,6.0
673.0,7.0
547.0,8.0
275.0,3.0
200.0,0.0
185.0,0.0
164.0,8.0
150.0,0.0
134.0,6.0
128.0,5.0
150.0,5.0
171.0,4.0
204.0,0.0
215.0,8.0
156.0,3.0
114.0,3.0
81.0,6.0
83.0,1.0
69.0,1.0
53.0,6.0
36.0,5.0
30.0,6.0
47.0,7.0
88.0,5.0
135.0,7.0
280.0,7.0
313.0,1.0
205.0,1.0
180.0,5.0
197.0,9.0
172.0,2.0
184.0,9.0
160.0,2.0
176.0,4.0
219.0,9.0
222.0,3.0
231.0,1.0
248.0,6.0
183.0,8.0
144.0,1.0
132.0,2.0
180.0,6.0
280.0,1.0
167.0,7.0
102.0,2.0
92.0,9.0
63.0,2.0
59.0,0.0
163.0,7.0
227.0,1.0
183.0,2.0
145.0,6.0
150.0,3.0
138.0,0.0
134.0,3.0
137.0,5.0
112.0,0.0
112.0,7.0
149.0,6.0
159.0,0.0
161.0,6.0
171.0,5.0
167.0,3.0
116.0,5.0
105.0,1.0
125.0,5.0
140.0,5.0
109.0,7.0
99.0,0.0
120.0,5.0
83.0,1.0
60.0,6.0
75.0,1.0
127.0,9.0
134.0,5.0
192.0,8.0
166.0,1.0
171.0,0.0
177.0,5.0
119.0,7.0
121.0,5.0
142.0,0.0
197.0,4.0
242.0,9.0
190.0,8.0
367.0,9.0
355.0,5.0
235.0,4.0
233.0,5.0
170.0,3.0
117.0,2.0
70.0,8.0
69.0,1.0
62.0,3.0
52.0,8.0
77.0,4.0
182.0,5.0
594.0,7.0
586.0,5.0
523.0,2.0
472.0,9.0
353.0,3.0
293.0,9.0
235.0,3.0
265.0,5.0
